代码,name,ts_code,exchange,最新价,cats,命中数
000925,众合科技,000925.SZ,SZSE,10.76,"['大模型', '智能驾驶', '机器人', '算力租赁']",4
000938,紫光股份,000938.SZ,SZSE,31.84,"['CPO', '大模型', '数字经济', '算力租赁']",4
002195,岩山科技,002195.SZ,SZSE,8.96,"['AIGC', '大模型', '智能驾驶', '机器人']",4
002197,证通电子,002197.SZ,SZSE,8.31,"['大模型', '数字经济', '机器人', '算力租赁']",4
002230,科大讯飞,002230.SZ,SZSE,49.47,"['AIGC', '大模型', '智能驾驶', '机器人']",4
002236,大华股份,002236.SZ,SZSE,18.05,"['大模型', '智能驾驶', '机器人', '算力租赁']",4
002354,天娱数科,002354.SZ,SZSE,6.58,"['AIGC', '大模型', '数字经济', '机器人']",4
002579,中京电子,002579.SZ,SZSE,13.37,"['CPO', '大模型', '智能驾驶', '机器人']",4
002657,中科金财,002657.SZ,SZSE,21.76,"['AIGC', '大模型', '数字经济', '算力租赁']",4
002881,美格智能,002881.SZ,SZSE,41.73,"['大模型', '智能驾驶', '机器人', '算力租赁']",4
600100,同方股份,600100.SH,SSE,9.12,"['大模型', '数字经济', '机器人', '算力租赁']",4
601138,工业富联,601138.SH,SSE,64.31,"['CPO', '大模型', '机器人', '算力租赁']",4
603466,风语筑,603466.SH,SSE,10.46,"['AIGC', '大模型', '数字经济', '机器人']",4
000034,神州数码,000034.SZ,SZSE,41.65,"['大模型', '数字经济', '智能驾驶']",3
000157,中联重科,000157.SZ,SZSE,7.99,"['大模型', '机器人', '算力租赁']",3
000555,神州信息,000555.SZ,SZSE,14.48,"['AIGC', '大模型', '数字经济']",3
000560,我爱我家,000560.SZ,SZSE,3.37,"['AIGC', '大模型', '数字经济']",3
000625,长安汽车,000625.SZ,SZSE,9.21,"['大模型', '智能驾驶', '机器人']",3
000967,盈峰环境,000967.SZ,SZSE,14.16,"['智能驾驶', '机器人', '算力租赁']",3
000977,浪潮信息,000977.SZ,SZSE,74.08,"['大模型', '数字经济', '算力租赁']",3
001230,劲旅环境,001230.SZ,SZSE,29.15,"['大模型', '智能驾驶', '机器人']",3
001339,智微智能,001339.SZ,SZSE,103.64,"['大模型', '机器人', '算力租赁']",3
001388,信通电子,001388.SZ,SZSE,39.53,"['大模型', '机器人', '算力租赁']",3
002044,美年健康,002044.SZ,SZSE,6.18,"['AIGC', '大模型', '机器人']",3
002065,东华软件,002065.SZ,SZSE,8.6,"['大模型', '智能驾驶', '算力租赁']",3
002090,金智科技,002090.SZ,SZSE,11.54,"['大模型', '数字经济', '机器人']",3
002139,拓邦股份,002139.SZ,SZSE,11.03,"['大模型', '智能驾驶', '机器人']",3
002212,天融信,002212.SZ,SZSE,7.56,"['大模型', '数字经济', '算力租赁']",3
002229,鸿博股份,002229.SZ,SZSE,17.55,"['大模型', '数字经济', '算力租赁']",3
002265,建设工业,002265.SZ,SZSE,23.8,"['大模型', '智能驾驶', '机器人']",3
002279,久其软件,002279.SZ,SZSE,7.91,"['AIGC', '大模型', '数字经济']",3
002298,中电鑫龙,002298.SZ,SZSE,11.4,"['大模型', '数字经济', '算力租赁']",3
002313,日海智能,002313.SZ,SZSE,10.15,"['大模型', '智能驾驶', '算力租赁']",3
002355,兴民智通,002355.SZ,SZSE,6.65,"['大模型', '智能驾驶', '算力租赁']",3
002362,汉王科技,002362.SZ,SZSE,19.09,"['大模型', '智能驾驶', '机器人']",3
002373,千方科技,002373.SZ,SZSE,9.11,"['AIGC', '大模型', '智能驾驶']",3
002396,星网锐捷,002396.SZ,SZSE,32.78,"['CPO', '大模型', '数字经济']",3
002398,垒知集团,002398.SZ,SZSE,5.06,"['AIGC', '大模型', '数字经济']",3
002413,雷科防务,002413.SZ,SZSE,13.45,"['大模型', '智能驾驶', '算力租赁']",3
002415,海康威视,002415.SZ,SZSE,35.04,"['大模型', '智能驾驶', '机器人']",3
002444,巨星科技,002444.SZ,SZSE,35.28,"['大模型', '智能驾驶', '机器人']",3
002587,奥拓电子,002587.SZ,SZSE,7.24,"['AIGC', '大模型', '机器人']",3
002602,世纪华通,002602.SZ,SZSE,15.5,"['AIGC', '大模型', '算力租赁']",3
002611,东方精工,002611.SZ,SZSE,18.77,"['大模型', '智能驾驶', '机器人']",3
002649,博彦科技,002649.SZ,SZSE,10.76,"['AIGC', '大模型', '智能驾驶']",3
002803,吉宏股份,002803.SZ,SZSE,22.19,"['AIGC', '大模型', '数字经济']",3
002829,星网宇达,002829.SZ,SZSE,23.29,"['大模型', '智能驾驶', '机器人']",3
002845,同兴达,002845.SZ,SZSE,14.9,"['大模型', '智能驾驶', '机器人']",3
002862,实丰文化,002862.SZ,SZSE,19.27,"['AIGC', '大模型', '机器人']",3
002869,金溢科技,002869.SZ,SZSE,20.43,"['大模型', '数字经济', '智能驾驶']",3
002878,元隆雅图,002878.SZ,SZSE,19.88,"['AIGC', '大模型', '数字经济']",3
002889,东方嘉盛,002889.SZ,SZSE,13.27,"['大模型', '数字经济', '机器人']",3
003007,直真科技,003007.SZ,SZSE,49.35,"['大模型', '数字经济', '算力租赁']",3
003013,地铁设计,003013.SZ,SZSE,13.69,"['大模型', '数字经济', '智能驾驶']",3
600704,物产中大,600704.SH,SSE,5.18,"['大模型', '数字经济', '机器人']",3
600718,东软集团,600718.SH,SSE,9.26,"['AIGC', '大模型', '智能驾驶']",3
600756,浪潮软件,600756.SH,SSE,17.19,"['AIGC', '大模型', '数字经济']",3
600797,浙大网新,600797.SH,SSE,9.19,"['大模型', '数字经济', '算力租赁']",3
600839,四川长虹,600839.SH,SSE,8.68,"['大模型', '数字经济', '机器人']",3
600880,博瑞传播,600880.SH,SSE,5.31,"['AIGC', '大模型', '数字经济']",3
600959,江苏有线,600959.SH,SSE,4.0,"['AIGC', '大模型', '算力租赁']",3
600986,浙文互联,600986.SH,SSE,10.7,"['AIGC', '大模型', '算力租赁']",3
601609,金田股份,601609.SH,SSE,12.21,"['大模型', '机器人', '算力租赁']",3
603000,人民网,603000.SH,SSE,20.01,"['AIGC', '大模型', '算力租赁']",3
603018,华设集团,603018.SH,SSE,7.58,"['AIGC', '大模型', '智能驾驶']",3
603019,中科曙光,603019.SH,SSE,99.38,"['大模型', '数字经济', '算力租赁']",3
603123,翠微股份,603123.SH,SSE,11.84,"['大模型', '数字经济', '智能驾驶']",3
603322,超讯通信,603322.SH,SSE,35.66,"['AIGC', '大模型', '算力租赁']",3
603602,纵横通信,603602.SH,SSE,13.59,"['AIGC', '数字经济', '算力租赁']",3
603611,诺力股份,603611.SH,SSE,19.77,"['大模型', '智能驾驶', '机器人']",3
603613,国联股份,603613.SH,SSE,27.72,"['大模型', '数字经济', '算力租赁']",3
603633,徕木股份,603633.SH,SSE,8.29,"['大模型', '智能驾驶', '机器人']",3
603636,南威软件,603636.SH,SSE,11.15,"['大模型', '数字经济', '算力租赁']",3
603686,福龙马,603686.SH,SSE,19.43,"['大模型', '智能驾驶', '机器人']",3
603956,威派格,603956.SH,SSE,5.93,"['大模型', '数字经济', '机器人']",3
605111,新洁能,605111.SH,SSE,48.91,"['智能驾驶', '机器人', '算力租赁']",3
605168,三人行,605168.SH,SSE,54.65,"['AIGC', '大模型', '数字经济']",3
000035,中国天楹,000035.SZ,SZSE,6.43,"['大模型', '机器人']",2
000063,中兴通讯,000063.SZ,SZSE,38.83,"['大模型', '算力租赁']",2
000090,天健集团,000090.SZ,SZSE,3.61,"['大模型', '机器人']",2
000425,徐工机械,000425.SZ,SZSE,10.65,"['大模型', '机器人']",2
000551,创元科技,000551.SZ,SZSE,17.12,"['智能驾驶', '机器人']",2
000681,视觉中国,000681.SZ,SZSE,22.29,"['AIGC', '大模型']",2
000723,美锦能源,000723.SZ,SZSE,4.14,"['智能驾驶', '机器人']",2
000810,创维数字,000810.SZ,SZSE,12.75,"['AIGC', '大模型']",2
000818,航锦科技,000818.SZ,SZSE,17.66,"['大模型', '算力租赁']",2
000826,启迪环境,000826.SZ,SZSE,2.08,"['大模型', '智能驾驶']",2
000892,欢瑞世纪,000892.SZ,SZSE,4.54,"['AIGC', '大模型']",2
000988,华工科技,000988.SZ,SZSE,146.14,"['CPO', '机器人']",2
001266,宏英智能,001266.SZ,SZSE,45.01,"['智能驾驶', '机器人']",2
002015,协鑫能科,002015.SZ,SZSE,21.18,"['大模型', '算力租赁']",2
002031,巨轮智能,002031.SZ,SZSE,7.16,"['大模型', '机器人']",2
002036,联创电子,002036.SZ,SZSE,8.59,"['智能驾驶', '机器人']",2
002049,紫光国微,002049.SZ,SZSE,80.43,"['大模型', '算力租赁']",2
002093,国脉科技,002093.SZ,SZSE,8.63,"['大模型', '数字经济']",2
002111,威海广泰,002111.SZ,SZSE,11.38,"['智能驾驶', '机器人']",2
002117,东港股份,002117.SZ,SZSE,10.29,"['机器人', '算力租赁']",2
002123,梦网科技,002123.SZ,SZSE,9.8,"['大模型', '数字经济']",2
002126,银轮股份,002126.SZ,SZSE,50.78,"['智能驾驶', '机器人']",2
002131,利欧股份,002131.SZ,SZSE,6.79,"['AIGC', '大模型']",2
002148,北纬科技,002148.SZ,SZSE,8.2,"['数字经济', '机器人']",2
002162,悦心健康,002162.SZ,SZSE,4.43,"['大模型', '机器人']",2
002179,中航光电,002179.SZ,SZSE,41.49,"['CPO', '机器人']",2
002185,华天科技,002185.SZ,SZSE,14.62,"['CPO', '大模型']",2
002204,大连重工,002204.SZ,SZSE,6.57,"['智能驾驶', '机器人']",2
002226,江南化工,002226.SZ,SZSE,5.48,"['大模型', '机器人']",2
002249,大洋电机,002249.SZ,SZSE,9.67,"['AIGC', '机器人']",2
002261,拓维信息,002261.SZ,SZSE,34.18,"['大模型', '机器人']",2
002268,电科网安,002268.SZ,SZSE,16.16,"['大模型', '数字经济']",2
002273,水晶光电,002273.SZ,SZSE,38.3,"['智能驾驶', '机器人']",2
002315,焦点科技,002315.SZ,SZSE,31.8,"['AIGC', '大模型']",2
002316,亚联发展,002316.SZ,SZSE,5.7,"['大模型', '数字经济']",2
002376,新北洋,002376.SZ,SZSE,7.33,"['大模型', '机器人']",2
002380,科远智慧,002380.SZ,SZSE,35.6,"['大模型', '机器人']",2
002383,合众思壮,002383.SZ,SZSE,9.65,"['数字经济', '智能驾驶']",2
002392,北京利尔,002392.SZ,SZSE,10.16,"['大模型', '算力租赁']",2
002401,中远海科,002401.SZ,SZSE,15.3,"['大模型', '数字经济']",2
002402,和而泰,002402.SZ,SZSE,33.15,"['大模型', '机器人']",2
002405,四维图新,002405.SZ,SZSE,9.47,"['大模型', '智能驾驶']",2
002414,高德红外,002414.SZ,SZSE,14.78,"['大模型', '智能驾驶']",2
002418,康盛股份,002418.SZ,SZSE,6.3,"['智能驾驶', '算力租赁']",2
002421,达实智能,002421.SZ,SZSE,2.98,"['大模型', '数字经济']",2
002441,众业达,002441.SZ,SZSE,10.25,"['数字经济', '机器人']",2
002448,中原内配,002448.SZ,SZSE,15.73,"['智能驾驶', '机器人']",2
002456,欧菲光,002456.SZ,SZSE,8.85,"['智能驾驶', '机器人']",2
002474,榕基软件,002474.SZ,SZSE,8.16,"['大模型', '数字经济']",2
002475,立讯精密,002475.SZ,SZSE,77.86,"['CPO', '机器人']",2
002519,银河电子,002519.SZ,SZSE,8.56,"['智能驾驶', '机器人']",2
002526,山东矿机,002526.SZ,SZSE,3.38,"['大模型', '机器人']",2
002553,南方精工,002553.SZ,SZSE,22.6,"['大模型', '机器人']",2
002558,巨人网络,002558.SZ,SZSE,32.08,"['AIGC', '大模型']",2
002583,海能达,002583.SZ,SZSE,10.07,"['大模型', '数字经济']",2
002594,比亚迪,002594.SZ,SZSE,99.54,"['智能驾驶', '机器人']",2
002599,盛通股份,002599.SZ,SZSE,7.09,"['大模型', '机器人']",2
002600,领益智造,002600.SZ,SZSE,15.05,"['大模型', '机器人']",2
002607,中公教育,002607.SZ,SZSE,2.71,"['AIGC', '大模型']",2
002625,光启技术,002625.SZ,SZSE,42.85,"['大模型', '机器人']",2
002642,荣联科技,002642.SZ,SZSE,8.91,"['大模型', '数字经济']",2
002682,龙洲股份,002682.SZ,SZSE,6.13,"['大模型', '机器人']",2
002698,博实股份,002698.SZ,SZSE,14.79,"['大模型', '机器人']",2
002708,光洋股份,002708.SZ,SZSE,15.28,"['智能驾驶', '机器人']",2
002722,物产金轮,002722.SZ,SZSE,15.66,"['AIGC', '大模型']",2
002730,电光科技,002730.SZ,SZSE,32.93,"['大模型', '算力租赁']",2
002747,埃斯顿,002747.SZ,SZSE,24.48,"['大模型', '机器人']",2
002757,南兴股份,002757.SZ,SZSE,31.31,"['大模型', '算力租赁']",2
002766,索菱股份,002766.SZ,SZSE,4.87,"['大模型', '智能驾驶']",2
002771,真视通,002771.SZ,SZSE,14.98,"['大模型', '算力租赁']",2
002811,郑中设计,002811.SZ,SZSE,13.65,"['AIGC', '大模型']",2
002841,视源股份,002841.SZ,SZSE,39.38,"['大模型', '机器人']",2
002870,香山股份,002870.SZ,SZSE,44.3,"['大模型', '机器人']",2
002892,科力尔,002892.SZ,SZSE,10.73,"['大模型', '机器人']",2
002902,铭普光磁,002902.SZ,SZSE,38.02,"['CPO', '算力租赁']",2
002906,华阳集团,002906.SZ,SZSE,31.74,"['智能驾驶', '机器人']",2
002908,德生科技,002908.SZ,SZSE,8.58,"['大模型', '数字经济']",2
002912,中新赛克,002912.SZ,SZSE,24.99,"['大模型', '算力租赁']",2
002917,金奥博,002917.SZ,SZSE,13.44,"['大模型', '机器人']",2
002920,德赛西威,002920.SZ,SZSE,104.8,"['智能驾驶', '机器人']",2
002925,盈趣科技,002925.SZ,SZSE,20.48,"['大模型', '机器人']",2
002929,润建股份,002929.SZ,SZSE,77.68,"['大模型', '算力租赁']",2
002965,祥鑫科技,002965.SZ,SZSE,35.8,"['智能驾驶', '机器人']",2
002970,锐明技术,002970.SZ,SZSE,75.08,"['大模型', '智能驾驶']",2
002975,博杰股份,002975.SZ,SZSE,108.08,"['大模型', '机器人']",2
002979,雷赛智能,002979.SZ,SZSE,53.44,"['大模型', '机器人']",2
002987,京北方,002987.SZ,SZSE,15.39,"['大模型', '数字经济']",2
002990,盛视科技,002990.SZ,SZSE,59.16,"['大模型', '机器人']",2
003029,吉大正元,003029.SZ,SZSE,21.74,"['数字经济', '智能驾驶']",2
600006,东风股份,600006.SH,SSE,6.77,"['大模型', '智能驾驶']",2
600022,山东钢铁,600022.SH,SSE,1.45,"['大模型', '机器人']",2
600060,海信视像,600060.SH,SSE,25.23,"['大模型', '机器人']",2
600131,国网信通,600131.SH,SSE,18.15,"['大模型', '算力租赁']",2
600170,上海建工,600170.SH,SSE,2.71,"['大模型', '机器人']",2
600186,莲花控股,600186.SH,SSE,9.9,"['大模型', '算力租赁']",2
600229,城市传媒,600229.SH,SSE,6.17,"['AIGC', '大模型']",2
600268,国电南自,600268.SH,SSE,16.31,"['大模型', '机器人']",2
600271,航天信息,600271.SH,SSE,8.64,"['大模型', '数字经济']",2
600282,南钢股份,600282.SH,SSE,5.33,"['大模型', '机器人']",2
600388,龙净环保,600388.SH,SSE,19.59,"['智能驾驶', '机器人']",2
600410,华胜天成,600410.SH,SSE,22.4,"['大模型', '算力租赁']",2
600446,金证股份,600446.SH,SSE,14.07,"['大模型', '数字经济']",2
600487,亨通光电,600487.SH,SSE,76.94,"['CPO', '机器人']",2
600498,烽火通信,600498.SH,SSE,58.86,"['CPO', '算力租赁']",2
600556,天下秀,600556.SH,SSE,6.15,"['AIGC', '大模型']",2
600582,天地科技,600582.SH,SSE,5.63,"['大模型', '机器人']",2
600588,用友网络,600588.SH,SSE,12.09,"['大模型', '数字经济']",2
600658,电子城,600658.SH,SSE,5.23,"['大模型', '数字经济']",2
600666,奥瑞德,600666.SH,SSE,5.57,"['大模型', '算力租赁']",2
600678,四川金顶,600678.SH,SSE,8.04,"['智能驾驶', '机器人']",2
600699,均胜电子,600699.SH,SSE,28.38,"['智能驾驶', '机器人']",2
600728,佳都科技,600728.SH,SSE,5.58,"['大模型', '数字经济']",2
600734,实达集团,600734.SH,SSE,2.34,"['大模型', '算力租赁']",2
600805,悦达投资,600805.SH,SSE,5.17,"['智能驾驶', '机器人']",2
600850,电科数字,600850.SH,SSE,19.83,"['大模型', '机器人']",2
600894,广日股份,600894.SH,SSE,9.13,"['大模型', '机器人']",2
600967,内蒙一机,600967.SH,SSE,14.2,"['大模型', '机器人']",2
600998,九州通,600998.SH,SSE,5.06,"['大模型', '机器人']",2
601127,赛力斯,601127.SH,SSE,87.25,"['大模型', '智能驾驶']",2
601238,广汽集团,601238.SH,SSE,6.84,"['智能驾驶', '机器人']",2
601633,长城汽车,601633.SH,SSE,19.72,"['大模型', '智能驾驶']",2
601689,拓普集团,601689.SH,SSE,66.88,"['智能驾驶', '机器人']",2
601728,中国电信,601728.SH,SSE,6.18,"['大模型', '算力租赁']",2
603015,弘讯科技,603015.SH,SSE,12.52,"['大模型', '机器人']",2
603025,大豪科技,603025.SH,SSE,17.1,"['大模型', '机器人']",2
603030,全筑股份,603030.SH,SSE,2.96,"['大模型', '机器人']",2
603066,音飞储存,603066.SH,SSE,11.86,"['大模型', '机器人']",2
603106,恒银科技,603106.SH,SSE,9.14,"['大模型', '数字经济']",2
603189,网达软件,603189.SH,SSE,13.55,"['AIGC', '大模型']",2
603203,快克智能,603203.SH,SSE,49.64,"['大模型', '机器人']",2
603209,兴通股份,603209.SH,SSE,14.63,"['大模型', '数字经济']",2
603211,晋拓股份,603211.SH,SSE,30.89,"['智能驾驶', '机器人']",2
603220,中贝通信,603220.SH,SSE,30.21,"['CPO', '算力租赁']",2
603228,景旺电子,603228.SH,SSE,75.71,"['CPO', '智能驾驶']",2
603236,移远通信,603236.SH,SSE,74.48,"['智能驾驶', '机器人']",2
603280,南方路机,603280.SH,SSE,33.74,"['大模型', '机器人']",2
603286,日盈电子,603286.SH,SSE,67.2,"['智能驾驶', '机器人']",2
603300,海南华铁,603300.SH,SSE,6.66,"['数字经济', '算力租赁']",2
603319,美湖股份,603319.SH,SSE,36.8,"['智能驾驶', '机器人']",2
603337,杰克科技,603337.SH,SSE,40.9,"['大模型', '机器人']",2
603383,顶点软件,603383.SH,SSE,33.22,"['大模型', '数字经济']",2
603459,C红板,603459.SH,SSE,98.08,"['CPO', '智能驾驶']",2
603486,科沃斯,603486.SH,SSE,64.65,"['大模型', '机器人']",2
603496,恒为科技,603496.SH,SSE,31.19,"['机器人', '算力租赁']",2
603528,多伦科技,603528.SH,SSE,8.25,"['大模型', '智能驾驶']",2
603596,伯特利,603596.SH,SSE,32.55,"['智能驾驶', '机器人']",2
603629,利通电子,603629.SH,SSE,159.98,"['大模型', '算力租赁']",2
603656,泰禾智能,603656.SH,SSE,19.85,"['大模型', '机器人']",2
603662,柯力传感,603662.SH,SSE,61.42,"['大模型', '机器人']",2
603666,亿嘉和,603666.SH,SSE,30.62,"['大模型', '机器人']",2
603679,华体科技,603679.SH,SSE,16.13,"['大模型', '算力租赁']",2
603687,大胜达,603687.SH,SSE,16.83,"['AIGC', '大模型']",2
603728,鸣志电器,603728.SH,SSE,63.81,"['智能驾驶', '机器人']",2
603738,泰晶科技,603738.SH,SSE,52.78,"['CPO', '机器人']",2
603776,永安行,603776.SH,SSE,21.95,"['智能驾驶', '机器人']",2
603803,瑞斯康达,603803.SH,SSE,17.0,"['CPO', '算力租赁']",2
603859,能科科技,603859.SH,SSE,41.1,"['大模型', '数字经济']",2
603887,城地香江,603887.SH,SSE,14.37,"['数字经济', '算力租赁']",2
603888,新华网,603888.SH,SSE,20.73,"['AIGC', '大模型']",2
603893,瑞芯微,603893.SH,SSE,182.14,"['大模型', '机器人']",2
603895,天永智能,603895.SH,SSE,36.5,"['大模型', '机器人']",2
603960,克来机电,603960.SH,SSE,23.12,"['智能驾驶', '机器人']",2
603990,麦迪科技,603990.SH,SSE,16.09,"['大模型', '机器人']",2
605056,咸亨国际,605056.SH,SSE,24.95,"['大模型', '机器人']",2
605228,神通科技,605228.SH,SSE,14.95,"['智能驾驶', '机器人']",2
605555,德昌股份,605555.SH,SSE,16.23,"['智能驾驶', '机器人']",2
000032,深桑达Ａ,000032.SZ,SZSE,18.99,['算力租赁'],1
000048,京基智农,000048.SZ,SZSE,15.03,['机器人'],1
000066,中国长城,000066.SZ,SZSE,25.74,['数字经济'],1
000070,特发信息,000070.SZ,SZSE,21.39,['大模型'],1
000156,华数传媒,000156.SZ,SZSE,7.53,['数字经济'],1
000158,常山北明,000158.SZ,SZSE,17.55,['大模型'],1
000333,美的集团,000333.SZ,SZSE,80.38,['机器人'],1
000338,潍柴动力,000338.SZ,SZSE,32.97,['智能驾驶'],1
000409,云鼎科技,000409.SZ,SZSE,10.1,['大模型'],1
000410,沈阳机床,000410.SZ,SZSE,6.13,['大模型'],1
000411,英特集团,000411.SZ,SZSE,11.32,['数字经济'],1
000521,长虹美菱,000521.SZ,SZSE,5.76,['大模型'],1
000524,岭南控股,000524.SZ,SZSE,9.86,['大模型'],1
000526,学大教育,000526.SZ,SZSE,35.07,['大模型'],1
000528,柳工,000528.SZ,SZSE,9.79,['机器人'],1
000550,江铃汽车,000550.SZ,SZSE,19.06,['智能驾驶'],1
000559,万向钱潮,000559.SZ,SZSE,17.6,['机器人'],1
000572,海马汽车,000572.SZ,SZSE,5.4,['智能驾驶'],1
000581,威孚高科,000581.SZ,SZSE,20.19,['机器人'],1
000591,太阳能,000591.SZ,SZSE,5.85,['机器人'],1
000599,青岛双星,000599.SZ,SZSE,5.86,['机器人'],1
000636,风华高科,000636.SZ,SZSE,29.32,['机器人'],1
000651,格力电器,000651.SZ,SZSE,40.4,['机器人'],1
000661,长春高新,000661.SZ,SZSE,88.33,['大模型'],1
000665,湖北广电,000665.SZ,SZSE,4.86,['算力租赁'],1
000676,智度股份,000676.SZ,SZSE,7.44,['大模型'],1
000700,模塑科技,000700.SZ,SZSE,13.94,['机器人'],1
000710,贝瑞基因,000710.SZ,SZSE,10.81,['大模型'],1
000725,京东方Ａ,000725.SZ,SZSE,4.21,['大模型'],1
000727,冠捷科技,000727.SZ,SZSE,2.92,['大模型'],1
000753,漳州发展,000753.SZ,SZSE,6.75,['数字经济'],1
000785,居然智家,000785.SZ,SZSE,2.58,['大模型'],1
000795,英洛华,000795.SZ,SZSE,9.57,['机器人'],1
000800,一汽解放,000800.SZ,SZSE,6.59,['智能驾驶'],1
000801,四川九洲,000801.SZ,SZSE,14.0,['大模型'],1
000837,秦川机床,000837.SZ,SZSE,12.18,['机器人'],1
000839,国安股份,000839.SZ,SZSE,3.38,['大模型'],1
000856,冀东装备,000856.SZ,SZSE,10.39,['机器人'],1
000863,三湘印象,000863.SZ,SZSE,5.54,['数字经济'],1
000868,安凯客车,000868.SZ,SZSE,4.36,['智能驾驶'],1
000886,海南高速,000886.SZ,SZSE,5.4,['算力租赁'],1
000887,中鼎股份,000887.SZ,SZSE,18.11,['机器人'],1
000901,航天科技,000901.SZ,SZSE,23.84,['智能驾驶'],1
000936,华西股份,000936.SZ,SZSE,7.71,['大模型'],1
000948,南天信息,000948.SZ,SZSE,15.17,['数字经济'],1
000951,中国重汽,000951.SZ,SZSE,23.1,['智能驾驶'],1
000957,中通客车,000957.SZ,SZSE,11.88,['智能驾驶'],1
000959,首钢股份,000959.SZ,SZSE,4.42,['机器人'],1
000963,华东医药,000963.SZ,SZSE,33.43,['大模型'],1
000970,中科三环,000970.SZ,SZSE,12.51,['机器人'],1
000980,众泰汽车,000980.SZ,SZSE,2.78,['智能驾驶'],1
000981,山子高科,000981.SZ,SZSE,4.22,['智能驾驶'],1
000997,新大陆,000997.SZ,SZSE,22.09,['数字经济'],1
001208,华菱线缆,001208.SZ,SZSE,20.52,['机器人'],1
001209,洪兴股份,001209.SZ,SZSE,22.43,['数字经济'],1
001223,欧克科技,001223.SZ,SZSE,58.78,['机器人'],1
001229,魅视科技,001229.SZ,SZSE,37.28,['大模型'],1
001267,汇绿生态,001267.SZ,SZSE,64.49,['CPO'],1
001268,联合精密,001268.SZ,SZSE,41.29,['机器人'],1
001283,豪鹏科技,001283.SZ,SZSE,75.03,['机器人'],1
001285,瑞立科密,001285.SZ,SZSE,53.64,['智能驾驶'],1
001287,中电港,001287.SZ,SZSE,29.56,['大模型'],1
001288,运机集团,001288.SZ,SZSE,28.29,['机器人'],1
001298,好上好,001298.SZ,SZSE,23.15,['机器人'],1
001306,夏厦精密,001306.SZ,SZSE,71.75,['机器人'],1
001308,康冠科技,001308.SZ,SZSE,20.8,['大模型'],1
001314,亿道信息,001314.SZ,SZSE,57.0,['大模型'],1
001319,铭科精技,001319.SZ,SZSE,24.39,['机器人'],1
001324,长青科技,001324.SZ,SZSE,20.89,['机器人'],1
001330,博纳影业,001330.SZ,SZSE,9.11,['AIGC'],1
001368,通达创智,001368.SZ,SZSE,29.78,['大模型'],1
001380,华纬科技,001380.SZ,SZSE,19.25,['机器人'],1
001389,广合科技,001389.SZ,SZSE,188.32,['大模型'],1
001696,宗申动力,001696.SZ,SZSE,17.21,['机器人'],1
002006,精工科技,002006.SZ,SZSE,18.09,['机器人'],1
002008,大族激光,002008.SZ,SZSE,130.11,['机器人'],1
002009,天奇股份,002009.SZ,SZSE,26.74,['机器人'],1
002010,传化智联,002010.SZ,SZSE,5.58,['机器人'],1
002025,航天电器,002025.SZ,SZSE,74.65,['CPO'],1
002026,山东威达,002026.SZ,SZSE,13.24,['机器人'],1
002035,华帝股份,002035.SZ,SZSE,5.86,['机器人'],1
002042,华孚时尚,002042.SZ,SZSE,4.95,['算力租赁'],1
002046,国机精工,002046.SZ,SZSE,56.67,['机器人'],1
002048,宁波华翔,002048.SZ,SZSE,29.46,['机器人'],1
002050,三花智控,002050.SZ,SZSE,51.0,['机器人'],1
002051,中工国际,002051.SZ,SZSE,11.27,['算力租赁'],1
002057,中钢天源,002057.SZ,SZSE,9.65,['机器人'],1
002062,宏润建设,002062.SZ,SZSE,9.98,['机器人'],1
002063,远光软件,002063.SZ,SZSE,6.54,['大模型'],1
002067,景兴纸业,002067.SZ,SZSE,4.89,['数字经济'],1
002079,苏州固锝,002079.SZ,SZSE,12.77,['机器人'],1
002104,恒宝股份,002104.SZ,SZSE,14.55,['数字经济'],1
002115,三维通信,002115.SZ,SZSE,15.52,['大模型'],1
002137,实益达,002137.SZ,SZSE,8.62,['数字经济'],1
002150,正泰电源,002150.SZ,SZSE,29.29,['数字经济'],1
002151,北斗星通,002151.SZ,SZSE,43.12,['智能驾驶'],1
002152,广电运通,002152.SZ,SZSE,11.98,['大模型'],1
002156,通富微电,002156.SZ,SZSE,59.9,['CPO'],1
002161,远望谷,002161.SZ,SZSE,7.06,['数字经济'],1
002164,宁波东力,002164.SZ,SZSE,13.62,['机器人'],1
002171,楚江新材,002171.SZ,SZSE,11.91,['机器人'],1
002172,澳洋健康,002172.SZ,SZSE,3.8,['大模型'],1
002173,创新医疗,002173.SZ,SZSE,23.75,['大模型'],1
002176,江特电机,002176.SZ,SZSE,14.77,['机器人'],1
002178,延华智能,002178.SZ,SZSE,5.74,['机器人'],1
002180,纳思达,002180.SZ,SZSE,19.09,['机器人'],1
002181,粤传媒,002181.SZ,SZSE,18.95,['AIGC'],1
002182,宝武镁业,002182.SZ,SZSE,16.39,['机器人'],1
002183,怡亚通,002183.SZ,SZSE,7.04,['算力租赁'],1
002184,海得控制,002184.SZ,SZSE,12.22,['大模型'],1
002189,中光学,002189.SZ,SZSE,23.94,['智能驾驶'],1
002196,方正电机,002196.SZ,SZSE,14.56,['机器人'],1
002209,达意隆,002209.SZ,SZSE,14.3,['机器人'],1
002217,合力泰,002217.SZ,SZSE,3.49,['算力租赁'],1
002219,新里程,002219.SZ,SZSE,2.35,['大模型'],1
002222,福晶科技,002222.SZ,SZSE,105.83,['智能驾驶'],1
002224,三力士,002224.SZ,SZSE,4.27,['机器人'],1
002232,启明信息,002232.SZ,SZSE,18.05,['智能驾驶'],1
002235,安妮股份,002235.SZ,SZSE,12.07,['数字经济'],1
002238,天威视讯,002238.SZ,SZSE,7.33,['大模型'],1
002243,力合科创,002243.SZ,SZSE,8.57,['数字经济'],1
002245,蔚蓝锂芯,002245.SZ,SZSE,22.88,['机器人'],1
002264,新华都,002264.SZ,SZSE,8.57,['大模型'],1
002272,川润股份,002272.SZ,SZSE,19.42,['机器人'],1
002276,万马股份,002276.SZ,SZSE,13.82,['机器人'],1
002277,友阿股份,002277.SZ,SZSE,6.25,['机器人'],1
002278,神开股份,002278.SZ,SZSE,10.9,['大模型'],1
002281,光迅科技,002281.SZ,SZSE,198.71,['CPO'],1
002283,天润工业,002283.SZ,SZSE,10.91,['机器人'],1
002284,亚太股份,002284.SZ,SZSE,13.01,['智能驾驶'],1
002290,禾盛新材,002290.SZ,SZSE,92.5,['大模型'],1
002292,奥飞娱乐,002292.SZ,SZSE,8.11,['大模型'],1
002296,辉煌科技,002296.SZ,SZSE,12.02,['大模型'],1
002301,齐心集团,002301.SZ,SZSE,7.37,['大模型'],1
002322,理工能科,002322.SZ,SZSE,12.04,['大模型'],1
002324,普利特,002324.SZ,SZSE,15.36,['机器人'],1
002331,皖通科技,002331.SZ,SZSE,10.29,['数字经济'],1
002334,英威腾,002334.SZ,SZSE,9.14,['机器人'],1
002337,赛象科技,002337.SZ,SZSE,6.16,['机器人'],1
002339,积成电子,002339.SZ,SZSE,10.18,['大模型'],1
002347,泰尔股份,002347.SZ,SZSE,8.44,['机器人'],1
002348,高乐股份,002348.SZ,SZSE,12.78,['大模型'],1
002351,漫步者,002351.SZ,SZSE,11.16,['大模型'],1
002352,顺丰控股,002352.SZ,SZSE,37.17,['大模型'],1
002358,森源电气,002358.SZ,SZSE,7.81,['机器人'],1
002361,神剑股份,002361.SZ,SZSE,20.75,['机器人'],1
002363,隆基机械,002363.SZ,SZSE,8.51,['智能驾驶'],1
002364,中恒电气,002364.SZ,SZSE,44.5,['大模型'],1
002367,康力电梯,002367.SZ,SZSE,6.27,['大模型'],1
002368,太极股份,002368.SZ,SZSE,17.06,['数字经济'],1
002369,卓翼科技,002369.SZ,SZSE,7.43,['机器人'],1
002394,联发股份,002394.SZ,SZSE,12.84,['数字经济'],1
002400,省广集团,002400.SZ,SZSE,9.28,['AIGC'],1
002403,爱仕达,002403.SZ,SZSE,11.42,['机器人'],1
002410,广联达,002410.SZ,SZSE,11.05,['大模型'],1
002416,爱施德,002416.SZ,SZSE,13.47,['算力租赁'],1
002420,毅昌科技,002420.SZ,SZSE,6.98,['机器人'],1
002425,凯撒文化,002425.SZ,SZSE,3.59,['大模型'],1
002434,万里扬,002434.SZ,SZSE,7.84,['机器人'],1
002436,兴森科技,002436.SZ,SZSE,33.46,['机器人'],1
002439,启明星辰,002439.SZ,SZSE,16.26,['大模型'],1
002446,盛路通信,002446.SZ,SZSE,11.11,['智能驾驶'],1
002449,国星光电,002449.SZ,SZSE,8.18,['大模型'],1
002460,赣锋锂业,002460.SZ,SZSE,84.02,['机器人'],1
002463,沪电股份,002463.SZ,SZSE,107.3,['智能驾驶'],1
002465,海格通信,002465.SZ,SZSE,16.67,['大模型'],1
002467,二六三,002467.SZ,SZSE,7.0,['大模型'],1
002471,中超控股,002471.SZ,SZSE,8.85,['机器人'],1
002472,双环传动,002472.SZ,SZSE,42.28,['机器人'],1
002488,金固股份,002488.SZ,SZSE,12.46,['机器人'],1
002497,雅化集团,002497.SZ,SZSE,29.21,['机器人'],1
002514,宝馨科技,002514.SZ,SZSE,3.22,['机器人'],1
002516,旷达科技,002516.SZ,SZSE,6.24,['智能驾驶'],1
002520,日发精机,002520.SZ,SZSE,6.57,['机器人'],1
002523,天桥起重,002523.SZ,SZSE,3.87,['机器人'],1
002527,新时达,002527.SZ,SZSE,13.58,['机器人'],1
002530,金财互联,002530.SZ,SZSE,9.07,['机器人'],1
002536,飞龙股份,002536.SZ,SZSE,44.61,['机器人'],1
002541,鸿路钢构,002541.SZ,SZSE,20.23,['机器人'],1
002547,春兴精工,002547.SZ,SZSE,3.07,['机器人'],1
002559,亚威股份,002559.SZ,SZSE,10.95,['机器人'],1
002565,顺灏股份,002565.SZ,SZSE,20.83,['算力租赁'],1
002575,群兴玩具,002575.SZ,SZSE,6.94,['算力租赁'],1
002576,通达动力,002576.SZ,SZSE,19.02,['机器人'],1
002577,雷柏科技,002577.SZ,SZSE,17.63,['机器人'],1
002590,万安科技,002590.SZ,SZSE,12.47,['智能驾驶'],1
002591,恒大高新,002591.SZ,SZSE,9.27,['算力租赁'],1
002609,捷顺科技,002609.SZ,SZSE,8.76,['大模型'],1
002614,奥佳华,002614.SZ,SZSE,5.68,['大模型'],1
002615,哈尔斯,002615.SZ,SZSE,8.86,['数字经济'],1
002617,露笑科技,002617.SZ,SZSE,8.38,['机器人'],1
002624,完美世界,002624.SZ,SZSE,17.02,['AIGC'],1
002641,公元股份,002641.SZ,SZSE,4.3,['机器人'],1
002645,华宏科技,002645.SZ,SZSE,29.37,['大模型'],1
002646,天佑德酒,002646.SZ,SZSE,8.05,['大模型'],1
002654,万润科技,002654.SZ,SZSE,15.01,['大模型'],1
002659,凯文教育,002659.SZ,SZSE,5.27,['大模型'],1
002664,信质集团,002664.SZ,SZSE,22.99,['机器人'],1
002668,TCL智家,002668.SZ,SZSE,9.94,['大模型'],1
002674,兴业科技,002674.SZ,SZSE,13.25,['机器人'],1
002678,珠江钢琴,002678.SZ,SZSE,6.15,['大模型'],1
002681,奋达科技,002681.SZ,SZSE,5.44,['机器人'],1
002688,金河生物,002688.SZ,SZSE,6.03,['大模型'],1
002691,冀凯股份,002691.SZ,SZSE,5.51,['机器人'],1
002697,红旗连锁,002697.SZ,SZSE,5.03,['机器人'],1
002703,浙江世宝,002703.SZ,SZSE,18.43,['智能驾驶'],1
002705,新宝股份,002705.SZ,SZSE,14.13,['机器人'],1
002712,思美传媒,002712.SZ,SZSE,5.71,['大模型'],1
002721,金一文化,002721.SZ,SZSE,3.04,['大模型'],1
002765,蓝黛科技,002765.SZ,SZSE,9.76,['机器人'],1
002768,国恩股份,002768.SZ,SZSE,60.28,['机器人'],1
002777,久远银海,002777.SZ,SZSE,16.09,['大模型'],1
002779,中坚科技,002779.SZ,SZSE,76.6,['机器人'],1
002786,银宝山新,002786.SZ,SZSE,7.99,['机器人'],1
002792,通宇通讯,002792.SZ,SZSE,52.52,['大模型'],1
002801,微光股份,002801.SZ,SZSE,33.13,['机器人'],1
002806,华锋股份,002806.SZ,SZSE,14.91,['智能驾驶'],1
002813,路畅科技,002813.SZ,SZSE,27.38,['智能驾驶'],1
002815,崇达技术,002815.SZ,SZSE,16.24,['机器人'],1
002819,东方中科,002819.SZ,SZSE,27.86,['大模型'],1
002823,凯中精密,002823.SZ,SZSE,16.79,['智能驾驶'],1
002833,弘亚数控,002833.SZ,SZSE,21.43,['机器人'],1
002835,同为股份,002835.SZ,SZSE,15.45,['大模型'],1
002839,张家港行,002839.SZ,SZSE,4.49,['大模型'],1
002850,科达利,002850.SZ,SZSE,197.66,['机器人'],1
002857,三晖电气,002857.SZ,SZSE,22.85,['机器人'],1
002858,力盛体育,002858.SZ,SZSE,17.23,['大模型'],1
002859,洁美科技,002859.SZ,SZSE,52.1,['机器人'],1
002861,瀛通通讯,002861.SZ,SZSE,17.78,['大模型'],1
002863,今飞凯达,002863.SZ,SZSE,5.66,['机器人'],1
002871,伟隆股份,002871.SZ,SZSE,20.49,['大模型'],1
002886,沃特股份,002886.SZ,SZSE,24.7,['机器人'],1
002896,中大力德,002896.SZ,SZSE,80.61,['机器人'],1
002897,意华股份,002897.SZ,SZSE,67.06,['智能驾驶'],1
002901,大博医疗,002901.SZ,SZSE,41.04,['机器人'],1
002903,宇环数控,002903.SZ,SZSE,49.05,['机器人'],1
002921,联诚精密,002921.SZ,SZSE,32.31,['机器人'],1
002927,泰永长征,002927.SZ,SZSE,19.19,['数字经济'],1
002931,锋龙股份,002931.SZ,SZSE,60.69,['机器人'],1
002932,明德生物,002932.SZ,SZSE,17.35,['大模型'],1
002933,新兴装备,002933.SZ,SZSE,31.17,['机器人'],1
002937,兴瑞科技,002937.SZ,SZSE,33.46,['智能驾驶'],1
002949,华阳国际,002949.SZ,SZSE,14.7,['大模型'],1
002955,鸿合科技,002955.SZ,SZSE,25.09,['大模型'],1
002957,科瑞技术,002957.SZ,SZSE,43.4,['机器人'],1
002960,青鸟消防,002960.SZ,SZSE,10.22,['机器人'],1
002972,科安达,002972.SZ,SZSE,13.28,['大模型'],1
002973,侨银股份,002973.SZ,SZSE,12.76,['智能驾驶'],1
002976,瑞玛精密,002976.SZ,SZSE,32.9,['智能驾驶'],1
002980,华盛昌,002980.SZ,SZSE,82.39,['大模型'],1
002984,森麒麟,002984.SZ,SZSE,16.2,['大模型'],1
002995,天地在线,002995.SZ,SZSE,23.12,['数字经济'],1
002997,瑞鹄模具,002997.SZ,SZSE,35.01,['机器人'],1
003001,中岩大地,003001.SZ,SZSE,17.83,['大模型'],1
003002,壶化股份,003002.SZ,SZSE,26.95,['机器人'],1
003005,竞业达,003005.SZ,SZSE,18.09,['大模型'],1
003008,开普检测,003008.SZ,SZSE,23.35,['机器人'],1
003016,欣贺股份,003016.SZ,SZSE,8.4,['数字经济'],1
003019,宸展光电,003019.SZ,SZSE,34.53,['大模型'],1
003021,兆威机电,003021.SZ,SZSE,101.84,['机器人'],1
003028,振邦智能,003028.SZ,SZSE,28.57,['机器人'],1
003033,征和工业,003033.SZ,SZSE,55.3,['机器人'],1
003038,鑫铂股份,003038.SZ,SZSE,14.44,['机器人'],1
600008,首创环保,600008.SH,SSE,3.14,['机器人'],1
600050,中国联通,600050.SH,SSE,4.72,['算力租赁'],1
600053,九鼎投资,600053.SH,SSE,9.86,['机器人'],1
600054,黄山旅游,600054.SH,SSE,11.36,['大模型'],1
600066,宇通客车,600066.SH,SSE,35.08,['智能驾驶'],1
600081,东风科技,600081.SH,SSE,11.7,['智能驾驶'],1
600094,大名城,600094.SH,SSE,4.72,['算力租赁'],1
600099,林海股份,600099.SH,SSE,11.62,['智能驾驶'],1
600104,上汽集团,600104.SH,SSE,13.48,['智能驾驶'],1
600105,永鼎股份,600105.SH,SSE,54.45,['CPO'],1
600114,东睦股份,600114.SH,SSE,34.92,['机器人'],1
600129,太极集团,600129.SH,SSE,15.65,['大模型'],1
600143,金发科技,600143.SH,SSE,17.62,['机器人'],1
600155,华创云信,600155.SH,SSE,6.41,['数字经济'],1
600156,华升股份,600156.SH,SSE,11.83,['算力租赁'],1
600166,福田汽车,600166.SH,SSE,3.63,['智能驾驶'],1
600184,光电股份,600184.SH,SSE,28.62,['机器人'],1
600196,复星医药,600196.SH,SSE,25.12,['机器人'],1
600201,生物股份,600201.SH,SSE,15.59,['大模型'],1
600203,福日电子,600203.SH,SSE,13.02,['机器人'],1
600212,绿能慧充,600212.SH,SSE,7.21,['机器人'],1
600215,派斯林,600215.SH,SSE,6.89,['机器人'],1
600258,首旅酒店,600258.SH,SSE,14.28,['大模型'],1
600262,北方股份,600262.SH,SSE,24.5,['智能驾驶'],1
600288,大恒科技,600288.SH,SSE,15.26,['大模型'],1
600302,标准股份,600302.SH,SSE,8.45,['机器人'],1
600308,华泰股份,600308.SH,SSE,3.93,['大模型'],1
600312,平高电气,600312.SH,SSE,22.8,['机器人'],1
600320,振华重工,600320.SH,SSE,5.3,['机器人'],1
600330,天通股份,600330.SH,SSE,31.6,['CPO'],1
600335,国机汽车,600335.SH,SSE,6.06,['机器人'],1
600345,长江通信,600345.SH,SSE,60.09,['大模型'],1
600366,宁波韵升,600366.SH,SSE,13.57,['机器人'],1
600415,小商品城,600415.SH,SSE,13.0,['大模型'],1
600418,江淮汽车,600418.SH,SSE,49.18,['智能驾驶'],1
600476,湘邮科技,600476.SH,SSE,12.81,['大模型'],1
600499,科达制造,600499.SH,SSE,18.75,['机器人'],1
600520,三佳科技,600520.SH,SSE,31.54,['机器人'],1
600522,中天科技,600522.SH,SSE,43.99,['CPO'],1
600523,贵航股份,600523.SH,SSE,13.66,['智能驾驶'],1
600526,菲达环保,600526.SH,SSE,5.32,['机器人'],1
600528,中铁工业,600528.SH,SSE,7.95,['机器人'],1
600539,狮头股份,600539.SH,SSE,18.69,['大模型'],1
600549,厦门钨业,600549.SH,SSE,57.95,['机器人'],1
600560,金自天正,600560.SH,SSE,14.55,['大模型'],1
600562,国睿科技,600562.SH,SSE,28.01,['智能驾驶'],1
600567,山鹰国际,600567.SH,SSE,1.45,['机器人'],1
600570,恒生电子,600570.SH,SSE,27.78,['大模型'],1
600571,信雅达,600571.SH,SSE,13.58,['大模型'],1
600580,卧龙电驱,600580.SH,SSE,40.56,['机器人'],1
600584,长电科技,600584.SH,SSE,56.04,['CPO'],1
600587,新华医疗,600587.SH,SSE,13.79,['机器人'],1
600589,大位科技,600589.SH,SSE,12.66,['算力租赁'],1
600590,泰豪科技,600590.SH,SSE,15.87,['机器人'],1
600592,龙溪股份,600592.SH,SSE,20.06,['机器人'],1
600596,新安股份,600596.SH,SSE,12.61,['机器人'],1
600602,云赛智联,600602.SH,SSE,22.65,['算力租赁'],1
600606,绿地控股,600606.SH,SSE,1.64,['数字经济'],1
600615,鑫源智造,600615.SH,SSE,11.62,['机器人'],1
600629,华建集团,600629.SH,SSE,20.57,['大模型'],1
600633,浙数文化,600633.SH,SSE,13.53,['大模型'],1
600637,东方明珠,600637.SH,SSE,10.34,['大模型'],1
600640,国脉文化,600640.SH,SSE,12.67,['大模型'],1
600645,中源协和,600645.SH,SSE,24.57,['大模型'],1
600654,中安科,600654.SH,SSE,4.08,['大模型'],1
600673,东阳光,600673.SH,SSE,38.18,['机器人'],1
600681,百川能源,600681.SH,SSE,4.07,['机器人'],1
600686,金龙汽车,600686.SH,SSE,14.94,['智能驾驶'],1
600706,曲江文旅,600706.SH,SSE,9.34,['数字经济'],1
600720,中交设计,600720.SH,SSE,6.67,['数字经济'],1
600733,北汽蓝谷,600733.SH,SSE,7.04,['智能驾驶'],1
600736,苏州高新,600736.SH,SSE,9.51,['大模型'],1
600741,华域汽车,600741.SH,SSE,18.06,['智能驾驶'],1
600742,富维股份,600742.SH,SSE,9.35,['机器人'],1
600770,综艺股份,600770.SH,SSE,8.39,['大模型'],1
600775,南京熊猫,600775.SH,SSE,13.28,['机器人'],1
600817,宇通重工,600817.SH,SSE,11.2,['智能驾驶'],1
600821,金开新能,600821.SH,SSE,8.96,['算力租赁'],1
600831,广电网络,600831.SH,SSE,3.91,['算力租赁'],1
600834,申通地铁,600834.SH,SSE,8.1,['智能驾驶'],1
600835,上海机电,600835.SH,SSE,24.28,['机器人'],1
600841,动力新科,600841.SH,SSE,8.25,['智能驾驶'],1
600843,上工申贝,600843.SH,SSE,9.03,['机器人'],1
600845,宝信软件,600845.SH,SSE,23.8,['机器人'],1
600855,航天长峰,600855.SH,SSE,20.64,['大模型'],1
600860,京城股份,600860.SH,SSE,10.87,['机器人'],1
600869,远东股份,600869.SH,SSE,22.9,['机器人'],1
600889,南京化纤,600889.SH,SSE,15.78,['机器人'],1
600895,张江高科,600895.SH,SSE,37.79,['大模型'],1
600933,爱柯迪,600933.SH,SSE,17.73,['机器人'],1
600936,北投科技,600936.SH,SSE,5.19,['大模型'],1
600941,中国移动,600941.SH,SSE,97.93,['算力租赁'],1
600960,渤海汽车,600960.SH,SSE,4.91,['机器人'],1
600968,海油发展,600968.SH,SSE,4.16,['机器人'],1
600977,中国电影,600977.SH,SSE,14.39,['大模型'],1
600980,北矿科技,600980.SH,SSE,23.69,['机器人'],1
601038,一拖股份,601038.SH,SSE,13.83,['智能驾驶'],1
601126,四方股份,601126.SH,SSE,69.56,['大模型'],1
601137,博威合金,601137.SH,SSE,19.67,['机器人'],1
601226,华电科工,601226.SH,SSE,9.11,['机器人'],1
601360,三六零,601360.SH,SSE,11.51,['大模型'],1
601519,大智慧,601519.SH,SSE,11.29,['大模型'],1
601608,中信重工,601608.SH,SSE,6.17,['机器人'],1
601677,明泰铝业,601677.SH,SSE,17.9,['机器人'],1
601727,上海电气,601727.SH,SSE,8.6,['机器人'],1
601766,中国中车,601766.SH,SSE,6.03,['智能驾驶'],1
601777,千里科技,601777.SH,SSE,11.17,['智能驾驶'],1
601778,晶科科技,601778.SH,SSE,7.19,['算力租赁'],1
601799,星宇股份,601799.SH,SSE,137.14,['智能驾驶'],1
601801,皖新传媒,601801.SH,SSE,5.99,['大模型'],1
601858,中国科传,601858.SH,SSE,29.33,['数字经济'],1
601866,中远海发,601866.SH,SSE,2.7,['数字经济'],1
601868,中国能建,601868.SH,SSE,3.33,['机器人'],1
601900,南方传媒,601900.SH,SSE,12.43,['大模型'],1
601929,吉视传媒,601929.SH,SSE,3.03,['大模型'],1
601956,东贝集团,601956.SH,SSE,5.92,['机器人'],1
601965,中国汽研,601965.SH,SSE,16.66,['智能驾驶'],1
601966,玲珑轮胎,601966.SH,SSE,13.36,['机器人'],1
603008,喜临门,603008.SH,SSE,7.98,['大模型'],1
603009,北特科技,603009.SH,SSE,52.19,['机器人'],1
603011,合锻智能,603011.SH,SSE,21.84,['算力租赁'],1
603012,创力集团,603012.SH,SSE,9.69,['机器人'],1
603023,威帝股份,603023.SH,SSE,4.81,['智能驾驶'],1
603035,常熟汽饰,603035.SH,SSE,13.25,['智能驾驶'],1
603037,凯众股份,603037.SH,SSE,15.62,['智能驾驶'],1
603042,华脉科技,603042.SH,SSE,22.97,['大模型'],1
603051,鹿山新材,603051.SH,SSE,24.96,['机器人'],1
603052,可川科技,603052.SH,SSE,95.35,['CPO'],1
603068,博通集成,603068.SH,SSE,36.94,['智能驾驶'],1
603072,天和磁材,603072.SH,SSE,38.49,['机器人'],1
603075,热威股份,603075.SH,SSE,24.85,['机器人'],1
603081,大丰实业,603081.SH,SSE,12.29,['机器人'],1
603082,北自科技,603082.SH,SSE,35.19,['机器人'],1
603083,剑桥科技,603083.SH,SSE,193.33,['CPO'],1
603089,正裕工业,603089.SH,SSE,11.75,['机器人'],1
603108,润达医疗,603108.SH,SSE,13.55,['大模型'],1
603110,东方材料,603110.SH,SSE,23.76,['算力租赁'],1
603118,共进股份,603118.SH,SSE,15.65,['智能驾驶'],1
603119,浙江荣泰,603119.SH,SSE,91.88,['机器人'],1
603121,华培动力,603121.SH,SSE,20.84,['机器人'],1
603131,上海沪工,603131.SH,SSE,24.25,['机器人'],1
603135,中重科技,603135.SH,SSE,12.46,['机器人'],1
603150,万朗磁塑,603150.SH,SSE,72.8,['智能驾驶'],1
603160,汇顶科技,603160.SH,SSE,66.93,['大模型'],1
603166,福达股份,603166.SH,SSE,14.67,['机器人'],1
603171,税友股份,603171.SH,SSE,62.3,['大模型'],1
603190,亚通精工,603190.SH,SSE,28.36,['智能驾驶'],1
603194,中力股份,603194.SH,SSE,37.64,['机器人'],1
603197,保隆科技,603197.SH,SSE,34.97,['智能驾驶'],1
603206,嘉环科技,603206.SH,SSE,17.55,['数字经济'],1
603219,富佳股份,603219.SH,SSE,17.11,['机器人'],1
603258,电魂网络,603258.SH,SSE,16.56,['AIGC'],1
603262,技源集团,603262.SH,SSE,25.95,['大模型'],1
603296,华勤技术,603296.SH,SSE,110.73,['机器人'],1
603297,永新光学,603297.SH,SSE,137.4,['智能驾驶'],1
603298,杭叉集团,603298.SH,SSE,29.54,['机器人'],1
603305,旭升集团,603305.SH,SSE,16.49,['机器人'],1
603306,华懋科技,603306.SH,SSE,108.03,['CPO'],1
603315,福鞍股份,603315.SH,SSE,19.12,['算力租赁'],1
603331,百达精工,603331.SH,SSE,16.28,['机器人'],1
603338,浙江鼎力,603338.SH,SSE,56.48,['机器人'],1
603344,星德胜,603344.SH,SSE,28.68,['机器人'],1
603350,安乃达,603350.SH,SSE,35.74,['机器人'],1
603352,至信股份,603352.SH,SSE,36.51,['机器人'],1
603368,柳药集团,603368.SH,SSE,16.98,['大模型'],1
603375,盛景微,603375.SH,SSE,47.43,['机器人'],1
603376,大明电子,603376.SH,SSE,31.0,['智能驾驶'],1
603380,易德龙,603380.SH,SSE,37.59,['机器人'],1
603381,永臻股份,603381.SH,SSE,25.01,['机器人'],1
603386,骏亚科技,603386.SH,SSE,15.17,['机器人'],1
603416,信捷电气,603416.SH,SSE,62.69,['机器人'],1
603458,勘设股份,603458.SH,SSE,13.1,['智能驾驶'],1
603501,豪威集团,603501.SH,SSE,102.77,['智能驾驶'],1
603506,南都物业,603506.SH,SSE,13.4,['机器人'],1
603507,振江股份,603507.SH,SSE,44.55,['机器人'],1
603508,思维列控,603508.SH,SSE,26.61,['智能驾驶'],1
603533,掌阅科技,603533.SH,SSE,26.66,['大模型'],1
603579,荣泰健康,603579.SH,SSE,22.38,['机器人'],1
603583,捷昌驱动,603583.SH,SSE,28.65,['机器人'],1
603598,引力传媒,603598.SH,SSE,25.27,['AIGC'],1
603619,中曼石油,603619.SH,SSE,28.82,['机器人'],1
603626,科森科技,603626.SH,SSE,27.03,['机器人'],1
603638,艾迪精密,603638.SH,SSE,25.73,['机器人'],1
603648,畅联股份,603648.SH,SSE,10.13,['机器人'],1
603660,苏州科达,603660.SH,SSE,13.79,['大模型'],1
603667,五洲新春,603667.SH,SSE,80.05,['机器人'],1
603677,奇精机械,603677.SH,SSE,16.0,['机器人'],1
603681,永冠新材,603681.SH,SSE,20.43,['大模型'],1
603683,晶华新材,603683.SH,SSE,28.23,['机器人'],1
603716,塞力医疗,603716.SH,SSE,21.38,['大模型'],1
603725,天安新材,603725.SH,SSE,10.04,['机器人'],1
603726,朗迪集团,603726.SH,SSE,27.06,['机器人'],1
603729,龙韵股份,603729.SH,SSE,14.38,['数字经济'],1
603773,沃格光电,603773.SH,SSE,82.49,['CPO'],1
603777,来伊份,603777.SH,SSE,18.83,['大模型'],1
603809,豪能股份,603809.SH,SSE,11.51,['机器人'],1
603881,数据港,603881.SH,SSE,40.75,['算力租赁'],1
603890,春秋电子,603890.SH,SSE,19.99,['机器人'],1
603901,永创智能,603901.SH,SSE,12.93,['机器人'],1
603915,国茂股份,603915.SH,SSE,17.45,['机器人'],1
603918,金桥信息,603918.SH,SSE,13.6,['大模型'],1
603920,世运电路,603920.SH,SSE,67.57,['机器人'],1
603926,铁流股份,603926.SH,SSE,23.47,['机器人'],1
603933,睿能科技,603933.SH,SSE,26.72,['机器人'],1
603936,博敏电子,603936.SH,SSE,20.37,['智能驾驶'],1
603966,法兰泰克,603966.SH,SSE,14.32,['机器人'],1
603985,恒润股份,603985.SH,SSE,26.47,['算力租赁'],1
603992,松霖科技,603992.SH,SSE,33.55,['机器人'],1
605018,长华集团,605018.SH,SSE,13.12,['机器人'],1
605088,冠盛股份,605088.SH,SSE,38.96,['机器人'],1
605118,力鼎光电,605118.SH,SSE,45.9,['智能驾驶'],1
605133,嵘泰股份,605133.SH,SSE,38.75,['机器人'],1
605186,健麾信息,605186.SH,SSE,23.29,['机器人'],1
605189,富春染织,605189.SH,SSE,19.45,['机器人'],1
605208,永茂泰,605208.SH,SSE,15.02,['机器人'],1
605277,新亚电子,605277.SH,SSE,24.18,['机器人'],1
605286,同力天启,605286.SH,SSE,40.93,['大模型'],1
605289,罗曼股份,605289.SH,SSE,163.14,['算力租赁'],1
605333,沪光股份,605333.SH,SSE,23.86,['机器人'],1
605358,立昂微,605358.SH,SSE,50.87,['大模型'],1
605398,新炬网络,605398.SH,SSE,27.96,['大模型'],1
605488,福莱新材,605488.SH,SSE,36.6,['机器人'],1
