ts_code,name,exchange,申万一级,申万二级,营收同比_2025A,净利润同比_2025A,净利润_2025A,营收同比_2026Q1,净利润同比_2026Q1,净利润_2026Q1,min_yoy,trade_date,final_rating,pm_summary,pm_price_target,pm_time_horizon,trader_action,trader_entry,trader_stop,trader_sizing,rm_recommendation,final_rating_opus,pm_summary_opus,pm_price_target_opus,pm_time_horizon_opus,trader_action_opus,rm_recommendation_opus,md_path,opus_md_path
002468.SZ,申通快递,SZSE,交通运输,物流,17.8434907054,31.61,1368631017.22,30.7354101044,94.29,458588281.91,17.8434907054,,,,,,,,,,,,,,,,,,
600428.SH,中远海特,SSE,交通运输,航运港口,38.3207737416,16.29,1779972016.0,26.0013983558,17.53,405873514.87,16.29,,,,,,,,,,,,,,,,,,
601872.SH,招商轮船,SSE,交通运输,航运港口,9.2170471133,17.71,6012096267.97,52.9177300121,219.31,2763413437.55,9.2170471133,,,,,,,,,,,,,,,,,,
600233.SH,圆通速递,SSE,交通运输,物流,9.0452547296,7.73,4322350576.04,10.0138365553,60.76,1377557296.1,7.73,,,,,,,,,,,,,,,,,,
000088.SZ,盐田港,SZSE,交通运输,航运港口,8.1614723753,7.28,1447533202.29,13.2476583812,8.85,340519919.56,7.28,,,,,,,,,,,,,,,,,,
000089.SZ,深圳机场,SZSE,交通运输,航空机场,8.2088501386,18.55,525205361.13,7.077000646,58.51,258150122.31,7.077000646,,,,,,,,,,,,,,,,,,
603713.SH,密尔克卫,SSE,交通运输,物流,10.0417384357,10.86,626553239.91,12.0215740165,7.07,184410239.1,7.07,,,,,,,,,,,,,,,,,,
002352.SZ,顺丰控股,SZSE,交通运输,物流,8.3702211735,9.31,11117216000.0,6.1448842808,13.05,2525728000.0,6.1448842808,,,,,,,,,,,,,,,,,,
601333.SH,广深铁路,SSE,交通运输,铁路公路,5.8905613564,34.49,1425789018.0,7.1816480512,23.8,579619153.0,5.8905613564,,,,,,,,,,,,,,,,,,
600221.SH,海航控股,SSE,交通运输,航空机场,4.9589489836,314.8885820481,1979588000.0,4.9546513584,533.63,1725206000.0,4.9546513584,,,,,,,,,,,,,,,,,,
600029.SH,南方航空,SSE,交通运输,航空机场,4.6101570392,150.5306603774,857000000.0,10.079019513,298.2597054886,1481000000.0,4.6101570392,,,,,,,,,,,,,,,,,,
002040.SZ,南京港,SZSE,交通运输,航运港口,4.1385281107,20.73,184781796.01,13.6445232655,27.83,51269426.81,4.1385281107,,,,,,,,,,,,,,,,,,
600179.SH,安通控股,SSE,交通运输,航运港口,20.2783965778,77.9,1085990512.68,3.8343509529,5.12,253814999.38,3.8343509529,,,,,,,,,,,,,,,,,,
002928.SZ,华夏航空,SZSE,交通运输,航空机场,11.3585229021,133.57,625910360.24,2.8036510153,63.51,134040691.16,2.8036510153,,,,,,,,,,,,,,,,,,
601880.SH,辽港股份,SSE,交通运输,航运港口,2.6405442395,14.23,1306790239.41,3.1033152586,75.87,359184777.61,2.6405442395,,,,,,,,,,,,,,,,,,
601816.SH,京沪高铁,SSE,交通运输,铁路公路,2.1465724493,3.16,13171912357.24,3.2863316356,6.03,3142632759.73,2.1465724493,,,,,,,,,,,,,,,,,,
001872.SZ,招商港口,SZSE,交通运输,航运港口,6.9159993254,2.1,4611352247.98,4.5849854567,3.78,1131939432.33,2.1,,,,,,,,,,,,,,,,,,
601021.SH,春秋航空,SSE,交通运输,航空机场,7.2980478118,1.96,2317401673.0,14.158256146,45.15,982830048.0,1.96,,,,,,,,,,,,,,,,,,
603885.SH,吉祥航空,SSE,交通运输,航空机场,1.830632094,13.71,1039638382.35,4.5069117364,27.69,440529835.69,1.830632094,,,,,,,,,,,,,,,,,,
601326.SH,秦港股份,SSE,交通运输,航运港口,1.7513108365,2.64,1606251547.62,3.9267870997,1.69,427703505.29,1.69,,,,,,,,,,,,,,,,,,
000099.SZ,中信海直,SZSE,交通运输,航空机场,3.330811524,1.79,308669167.81,1.389645602,2.11,93135582.82,1.389645602,,,,,,,,,,,,,,,,,,
600009.SH,上海机场,SSE,交通运输,航空机场,7.9020417211,9.45,2116775136.25,0.8145837655,11.33,577796194.02,0.8145837655,,,,,,,,,,,,,,,,,,
601156.SH,东航物流,SSE,交通运输,物流,0.8677582986,0.02,2688045084.23,18.8054487045,6.05,578272169.25,0.02,,,,,,,,,,,,,,,,,,
603444.SH,吉比特,SSE,传媒,游戏Ⅱ,67.8894040089,89.82,1793666076.8,62.6671899461,82.68,517544467.11,62.6671899461,,,,,,,,,,,,,,,,,,
002602.SZ,世纪华通,SZSE,传媒,游戏Ⅱ,67.5456612092,362.02,5605170994.45,35.1855421478,50.18,2027304123.18,35.1855421478,2026-05-12,Underweight,在16.0-16.5区间反弹时减持30-50%仓位，保留50-70%核心仓位以捕捉长期基本面价值。硬止损设在14.50元，若跌破则全部离场，因该位置可能触发37.4亿融资盘的被动平仓连锁反应。减持资金不急于回补，等待技术面（RSI跌破30后回升至35+、放量收阳）和资金面（主力净流入连续2日超1亿）双重信号确认后，再分批接回。减持窗口1-2周，重新入场观察期1-3个月。,14.0,1-3个月（减持执行期），12-18个月（基本面兑现期） ---,Sell,16.5,14.5,"Reduce position by 30-50% — sell into bounces toward 16-16.5 RMB range, do not chase the stock down. FINAL TRANSACTION PROPOSAL: **SELL** ---",Underweight,,,,,,,analyses/世纪华通_002602_2026-05-12.md,
002558.SZ,巨人网络,SZSE,传媒,游戏Ⅱ,72.6873885122,23.13,1754514184.37,221.7004406829,210.58,1080400017.37,23.13,,,,,,,,,,,,,,,,,,
603598.SH,引力传媒,SSE,传媒,广告营销,31.7108140106,194.5859511696,17124858.25,11.6666920185,37.73,10388526.16,11.6666920185,,,,,,,,,,,,,,,,,,
002517.SZ,恺英网络,SZSE,传媒,游戏Ⅱ,4.0401922723,16.9,1903626612.4,64.1938460501,50.65,780567992.15,4.0401922723,,,,,,,,,,,,,,,,,,
603888.SH,新华网,SSE,传媒,数字媒体,4.2199527041,40.74,329221880.72,6.544156375,1.85,39371952.75,1.85,,,,,,,,,,,,,,,,,,
600825.SH,新华传媒,SSE,传媒,出版,1.3132854111,4.45,42257766.35,0.7322159889,35.02,1318237.81,0.7322159889,,,,,,,,,,,,,,,,,,
002256.SZ,兆新股份,SZSE,公用事业,电力,43.3973402152,129.71,42587745.48,22.1751022191,351.88,10721843.28,22.1751022191,,,,,,,,,,,,,,,,,,
600995.SH,南网储能,SSE,公用事业,电力,19.4919212025,49.89,1688500849.52,18.8012206152,21.34,453818260.94,18.8012206152,,,,,,,,,,,,,,,,,,
002039.SZ,黔源电力,SZSE,公用事业,电力,69.9796833041,175.02,600128761.6,16.7199127711,72.09,89223352.27,16.7199127711,,,,,,,,,,,,,,,,,,
605580.SH,恒盛能源,SSE,公用事业,电力,25.3852402776,14.2,155997196.12,39.7499695711,14.67,48601808.91,14.2,,,,,,,,,,,,,,,,,,
001258.SZ,立新能源,SZSE,公用事业,电力,9.1943418606,69.54,85078526.21,22.1974076286,167.71,6340275.73,9.1943418606,,,,,,,,,,,,,,,,,,
600236.SH,桂冠电力,SSE,公用事业,电力,8.2780514347,43.63,3279598444.12,36.9639593586,58.12,859164531.66,8.2780514347,,,,,,,,,,,,,,,,,,
600098.SH,广州发展,SSE,公用事业,电力,5.2861565318,33.93,2319437070.79,7.7818455577,18.37,535458525.93,5.2861565318,,,,,,,,,,,,,,,,,,
000899.SZ,赣能股份,SZSE,公用事业,电力,6.8957469298,40.97,1006611278.98,52.4374031716,4.69,202030880.13,4.69,,,,,,,,,,,,,,,,,,
000690.SZ,宝新能源,SZSE,公用事业,电力,9.2346132669,45.21,1024495080.91,5.9774906361,3.43,309751665.38,3.43,,,,,,,,,,,,,,,,,,
600226.SH,亨通股份,SSE,公用事业,电力,38.6046122685,6.05,200920200.41,82.2067437227,2.45,71816771.77,2.45,,,,,,,,,,,,,,,,,,
600025.SH,华能水电,SSE,公用事业,电力,6.8875127778,2.5,8504138221.82,7.0204692058,2.32,1543259523.33,2.32,,,,,,,,,,,,,,,,,,
600900.SH,长江电力,SSE,公用事业,电力,2.0712876209,6.17,34502809176.39,6.4427781703,30.5,6761006898.48,2.0712876209,,,,,,,,,,,,,,,,,,
000791.SZ,甘肃能源,SZSE,公用事业,电力,4.2554124546,24.77,2051455116.11,6.9430506605,1.57,487162437.3,1.57,,,,,,,,,,,,,,,,,,
000722.SZ,湖南发展,SZSE,公用事业,电力,3.6747963875,6.39,72137817.29,0.8193184075,208.25,13085904.61,0.8193184075,,,,,,,,,,,,,,,,,,
001210.SZ,金房能源,SZSE,公用事业,电力,11.8143726489,176.06,134413221.62,0.5379219609,2.09,132700374.22,0.5379219609,,,,,,,,,,,,,,,,,,
600578.SH,京能电力,SSE,公用事业,电力,0.0055673475,101.77,3529539444.59,2.2135436391,1.5,1101328582.04,0.0055673475,,,,,,,,,,,,,,,,,,
600191.SH,华资实业,SSE,农林牧渔,农产品加工,22.0639699121,131.95,59020198.23,153.2813072719,89.71,20505740.11,22.0639699121,,,,,,,,,,,,,,,,,,
001313.SZ,粤海饲料,SZSE,农林牧渔,饲料,9.7690142044,120.84,17794861.28,64.1665060259,145.64,11258073.06,9.7690142044,,,,,,,,,,,,,,,,,,
002215.SZ,诺普信,SZSE,农林牧渔,种植业,9.3490265289,11.26,650416565.06,25.194549439,20.04,752553795.78,9.3490265289,,,,,,,,,,,,,,,,,,
002746.SZ,仙坛股份,SZSE,农林牧渔,养殖业,9.1039694933,17.89,243019633.3,18.3819811165,38.02,66283427.57,9.1039694933,,,,,,,,,,,,,,,,,,
002772.SZ,众兴菌业,SZSE,农林牧渔,种植业,8.4298018087,161.63,334963547.55,27.3644488376,237.55,162699178.39,8.4298018087,,,,,,,,,,,,,,,,,,
002299.SZ,圣农发展,SZSE,农林牧渔,养殖业,8.1187508122,90.55,1380058462.24,25.4647908284,71.41,252918131.12,8.1187508122,,,,,,,,,,,,,,,,,,
002286.SZ,保龄宝,SZSE,农林牧渔,农产品加工,14.542258377,35.5,150626576.28,9.2068538572,7.5,54133380.43,7.5,,,,,,,,,,,,,,,,,,
002901.SZ,大博医疗,SZSE,医药生物,医疗器械,21.7882200225,68.06,599631709.82,16.5645367674,42.16,146565626.19,16.5645367674,,,,,,,,,,,,,,,,,,
603259.SH,药明康德,SSE,医药生物,医疗服务,15.8371756558,102.65,19150582400.69,28.8068135055,26.68,4651517987.76,15.8371756558,,,,,,,,,,,,,,,,,,
600867.SH,通化东宝,SSE,医药生物,生物制品,46.6574066191,3005.6319851705,1219052875.25,14.758063707,16.15,126799456.8,14.758063707,,,,,,,,,,,,,,,,,,
600276.SH,恒瑞医药,SSE,医药生物,化学制药,13.024342517,21.69,7711054811.98,12.9753629793,21.78,2282268233.13,12.9753629793,,,,,,,,,,,,,,,,,,
603538.SH,美诺华,SSE,医药生物,化学制药,9.4887854337,53.02,102229352.57,22.1236069309,46.84,31162062.8,9.4887854337,,,,,,,,,,,,,,,,,,
002294.SZ,信立泰,SZSE,医药生物,化学制药,8.4847984793,8.3,651504743.99,15.6498549327,12.45,225272107.49,8.3,,,,,,,,,,,,,,,,,,
000423.SZ,东阿阿胶,SZSE,医药生物,中药Ⅱ,8.8320922135,11.66,1738741090.72,5.5198523471,7.14,454808577.52,5.5198523471,,,,,,,,,,,,,,,,,,
600285.SH,羚锐制药,SSE,医药生物,中药Ⅱ,10.0707464566,5.11,759503032.53,10.3177095071,13.61,246333622.73,5.11,,,,,,,,,,,,,,,,,,
600993.SH,马应龙,SSE,医药生物,中药Ⅱ,3.7173735155,10.11,581492372.69,4.4592838566,4.43,212586063.99,3.7173735155,,,,,,,,,,,,,,,,,,
603520.SH,司太立,SSE,医药生物,化学制药,4.065415916,120.83,10228416.88,3.6994363378,46.08,20953600.9,3.6994363378,,,,,,,,,,,,,,,,,,
002603.SZ,以岭药业,SZSE,医药生物,中药Ⅱ,20.2373207857,277.56,1286478662.67,3.4581457852,25.43,408848309.57,3.4581457852,,,,,,,,,,,,,,,,,,
002349.SZ,精华制药,SZSE,医药生物,中药Ⅱ,4.1273332422,3.12,219284778.83,4.4640139681,5.87,65872510.07,3.12,,,,,,,,,,,,,,,,,,
601607.SH,上海医药,SSE,医药生物,医药商业,3.0258446449,25.74,5724557508.41,6.3581919146,6.35,1417757054.07,3.0258446449,,,,,,,,,,,,,,,,,,
000538.SZ,云南白药,SZSE,医药生物,中药Ⅱ,2.8818464931,8.51,5153486838.91,7.0228067446,5.31,2037306990.13,2.8818464931,,,,,,,,,,,,,,,,,,
000534.SZ,万泽股份,SZSE,医药生物,生物制品,19.6165479025,2.22,197018496.61,7.3857916449,6.58,77468268.66,2.22,,,,,,,,,,,,,,,,,,
603351.SH,威尔药业,SSE,医药生物,化学制药,2.952268848,3.11,150968971.49,1.8810585555,2.86,37634039.87,1.8810585555,,,,,,,,,,,,,,,,,,
600196.SH,复星医药,SSE,医药生物,化学制药,1.4474250629,21.69,3370561562.61,6.930767594,13.87,870825581.84,1.4474250629,,,,,,,,,,,,,,,,,,
603590.SH,康辰药业,SSE,医药生物,生物制品,10.8706242607,293.13,165966936.53,1.3528140544,6.1,47213574.31,1.3528140544,,,,,,,,,,,,,,,,,,
603939.SH,益丰药房,SSE,医药生物,医药商业,1.5418839267,9.81,1678481865.01,1.264094977,11.14,499549828.27,1.264094977,,,,,,,,,,,,,,,,,,
603014.SH,威高血净,SSE,医药生物,医疗器械,4.5699597303,7.33,482296672.53,0.9234987049,5.29,118304254.26,0.9234987049,,,,,,,,,,,,,,,,,,
002287.SZ,奇正藏药,SZSE,医药生物,中药Ⅱ,3.3380512331,11.36,648425430.79,0.5551479202,25.77,95179057.87,0.5551479202,,,,,,,,,,,,,,,,,,
002107.SZ,沃华医药,SZSE,医药生物,中药Ⅱ,6.9598704521,162.93,95715292.65,0.5547937761,60.32,36648737.04,0.5547937761,,,,,,,,,,,,,,,,,,
603233.SH,大参林,SSE,医药生物,医药商业,3.7953677837,35.04,1235246214.9,0.2479062084,11.12,511142374.93,0.2479062084,,,,,,,,,,,,,,,,,,
600763.SH,通策医疗,SSE,医药生物,医疗服务,1.3683945133,0.19,501945804.29,1.4339700485,1.66,186874603.48,0.19,,,,,,,,,,,,,,,,,,
003010.SZ,若羽臣,SZSE,商贸零售,互联网电商,94.3494448093,84.03,194401347.96,73.3357350773,163.78,72333748.41,73.3357350773,,,,,,,,,,,,,,,,,,
600415.SH,小商品城,SSE,商贸零售,一般零售,26.623667523,36.76,4203546946.97,45.2913702029,23.29,990442694.24,23.29,,,,,,,,,,,,,,,,,,
002803.SZ,吉宏股份,SZSE,商贸零售,互联网电商,21.5644383777,52.16,276831969.6,22.1201640033,22.32,72362633.53,21.5644383777,2026-05-12,Underweight,采纳研究经理和交易员的减仓方案。在¥22.00–22.50区间减持30%-50%头寸，锁定前期61%涨幅的大部分利润；剩余仓位设置¥20.40硬止损（10日均线），跌破则全部离场；不新增买入，等待回调至¥19.50–20.00且Q2经营现金流回暖至¥5000万以上再重新评估。本次行动是风险管理性减仓，非全面清仓。,20.0,3-6个月 ---,Sell,22.25,20.4,Reduce 30-50% of current holdings; maintain a core position but size down significantly. FINAL TRANSACTION PROPOSAL: **SELL** ---,Underweight,,,,,,,analyses/吉宏股份_002803_2026-05-12.md,
601061.SH,中信金属,SSE,商贸零售,贸易Ⅱ,9.5652146924,20.16,2689439516.83,52.912754747,141.13,1376518975.45,9.5652146924,,,,,,,,,,,,,,,,,,
601086.SH,国芳集团,SSE,商贸零售,一般零售,5.7068268157,21.16,70280340.2,14.7271131425,174.14,41582696.63,5.7068268157,,,,,,,,,,,,,,,,,,
600693.SH,东百集团,SSE,商贸零售,一般零售,1.7134557416,5.23,45763062.06,2.7931272553,13.71,45016275.3,1.7134557416,,,,,,,,,,,,,,,,,,
603101.SH,汇嘉时代,SSE,商贸零售,一般零售,1.6895975317,31.76,76895830.94,4.5695660057,13.3,64431097.94,1.6895975317,,,,,,,,,,,,,,,,,,
605188.SH,国光连锁,SSE,商贸零售,一般零售,4.7952194915,486.22,15653064.88,1.1976258827,22.13,26561689.88,1.1976258827,,,,,,,,,,,,,,,,,,
600710.SH,苏美达,SSE,商贸零售,贸易Ⅱ,0.543643177,18.05,1355624122.88,20.763399679,5.58,310903103.26,0.543643177,,,,,,,,,,,,,,,,,,
603268.SH,松发股份,SSE,国防军工,航海装备Ⅱ,274.9537907926,1083.05,2654607744.11,199.068387957,330.29,1093463056.14,199.068387957,,,,,,,,,,,,,,,,,,
000519.SZ,中兵红箭,SZSE,国防军工,地面兵装Ⅱ,102.9673696288,112.74,41696043.16,181.264531442,142.36,54630031.74,102.9673696288,,,,,,,,,,,,,,,,,,
002414.SZ,高德红外,SZSE,国防军工,军工电子Ⅱ,72.499766239,253.45,686192530.33,83.0223888938,337.96,365901530.75,72.499766239,,,,,,,,,,,,,,,,,,
002297.SZ,博云新材,SZSE,国防军工,航空装备Ⅱ,27.7688860372,192.0,61853562.33,125.9401991631,13362.43,132307066.27,27.7688860372,,,,,,,,,,,,,,,,,,
002111.SZ,威海广泰,SZSE,国防军工,航空装备Ⅱ,15.0908419825,72.91,129029972.27,32.2489925694,84.28,77250558.98,15.0908419825,,,,,,,,,,,,,,,,,,
600150.SH,中国船舶,SSE,国防军工,航海装备Ⅱ,13.9685316459,86.0,7848378198.33,54.8968342488,251.64,4832277995.78,13.9685316459,,,,,,,,,,,,,,,,,,
002338.SZ,奥普光电,SZSE,国防军工,军工电子Ⅱ,7.265131187,21.24,80525311.18,36.4523460185,125.11,31096843.27,7.265131187,,,,,,,,,,,,,,,,,,
600685.SH,中船防务,SSE,国防军工,航海装备Ⅱ,5.8995886889,167.26,1008262651.35,56.1231833358,114.76,396156621.53,5.8995886889,,,,,,,,,,,,,,,,,,
002625.SZ,光启技术,SZSE,国防军工,航空装备Ⅱ,31.3241668223,5.37,686946947.27,40.2793166828,17.03,176152449.31,5.37,,,,,,,,,,,,,,,,,,
600184.SH,光电股份,SSE,国防军工,地面兵装Ⅱ,88.2019463276,124.7848504476,51080235.29,2.9922626816,17.03,1121631.95,2.9922626816,,,,,,,,,,,,,,,,,,
600316.SH,洪都航空,SSE,国防军工,航空装备Ⅱ,41.8325947737,1.33,39759841.3,73.4729535331,167.7501799671,5783308.64,1.33,,,,,,,,,,,,,,,,,,
002985.SZ,北摩高科,SZSE,国防军工,航空装备Ⅱ,70.6638898772,1138.28,200034978.0,0.8584723708,24.98,67234180.2,0.8584723708,,,,,,,,,,,,,,,,,,
600590.SH,泰豪科技,SSE,国防军工,军工电子Ⅱ,3.7985032949,106.1084732073,60537073.64,0.5452797621,42.02,49335703.32,0.5452797621,,,,,,,,,,,,,,,,,,
001218.SZ,丽臣实业,SZSE,基础化工,化学制品,36.5550640958,47.99,161484159.57,33.7145712308,179.06,77178912.89,33.7145712308,,,,,,,,,,,,,,,,,,
600989.SH,宝丰能源,SSE,基础化工,化学原料,45.6439786774,79.09,11350295509.65,22.8956954811,50.23,3660674643.2,22.8956954811,,,,,,,,,,,,,,,,,,
000893.SZ,亚钾国际,SZSE,基础化工,农化制品,50.0858255056,75.97,1672578453.76,22.7045296636,38.52,532507990.34,22.7045296636,,,,,,,,,,,,,,,,,,
605016.SH,百龙创园,SSE,基础化工,化学制品,19.7456666161,50.06,368550234.74,25.3153943,48.1,120585818.74,19.7456666161,,,,,,,,,,,,,,,,,,
600378.SH,昊华科技,SSE,基础化工,化学制品,19.494682542,37.07,1444467040.45,34.0232551129,66.73,308019296.06,19.494682542,,,,,,,,,,,,,,,,,,
002170.SZ,芭田股份,SZSE,基础化工,农化制品,52.6213469243,122.79,911522715.02,19.4203790135,60.26,273538995.95,19.4203790135,,,,,,,,,,,,,,,,,,
603276.SH,恒兴新材,SSE,基础化工,化学制品,18.9062178146,72.23,60028813.4,31.3767603854,101.22,25922506.71,18.9062178146,,,,,,,,,,,,,,,,,,
002588.SZ,史丹利,SZSE,基础化工,农化制品,19.6923632763,25.07,1033164388.09,19.2214965758,18.54,341612818.43,18.54,,,,,,,,,,,,,,,,,,
603938.SH,三孚股份,SSE,基础化工,化学原料,18.4886175755,25.9,80299009.38,30.9127932237,43.88,38851042.21,18.4886175755,,,,,,,,,,,,,,,,,,
002246.SZ,北化股份,SZSE,基础化工,化学制品,41.2623315306,1029.22,263023373.32,17.1807300769,145.09,72320174.85,17.1807300769,,,,,,,,,,,,,,,,,,
002545.SZ,东方铁塔,SZSE,基础化工,农化制品,16.2734221405,113.77,1206247307.03,48.5919315988,95.21,401864480.76,16.2734221405,,,,,,,,,,,,,,,,,,
601208.SH,东材科技,SSE,基础化工,塑料,15.908052823,57.68,285439807.93,27.2442176715,103.35,186832252.74,15.908052823,,,,,,,,,,,,,,,,,,
603379.SH,三美股份,SSE,基础化工,化学制品,44.8073907962,164.75,2061141136.65,15.3568125799,26.29,505821099.8,15.3568125799,,,,,,,,,,,,,,,,,,
603683.SH,晶华新材,SSE,基础化工,化学制品,15.1428356069,33.25,89324922.31,21.0917572601,36.03,25560580.99,15.1428356069,,,,,,,,,,,,,,,,,,
002407.SZ,多氟多,SZSE,基础化工,化学制品,14.365054409,168.97,212784849.4,53.2602408147,480.14,375528935.28,14.365054409,,,,,,,,,,,,,,,,,,
002838.SZ,道恩股份,SZSE,基础化工,塑料,14.2463951297,34.03,188903544.03,33.436333065,168.92,119089390.63,14.2463951297,,,,,,,,,,,,,,,,,,
002250.SZ,联化科技,SZSE,基础化工,农化制品,13.2684030516,250.93,361944291.44,29.9954398853,104.97,101902161.32,13.2684030516,,,,,,,,,,,,,,,,,,
605020.SH,永和股份,SSE,基础化工,化学制品,13.0383570798,123.46,561631730.64,16.3702033174,85.11,180278992.46,13.0383570798,,,,,,,,,,,,,,,,,,
000565.SZ,渝三峡A,SZSE,基础化工,化学制品,12.5491221461,85.5,8100358.35,25.9742230834,373.16,24841158.42,12.5491221461,,,,,,,,,,,,,,,,,,
603334.SH,丰倍生物,SSE,基础化工,化学制品,62.7704815709,13.52,140554623.92,66.5523603013,11.47,40879056.33,11.47,,,,,,,,,,,,,,,,,,
002497.SZ,雅化集团,SZSE,基础化工,化学制品,10.7248541507,145.95,632380161.87,84.1618046218,310.87,338821317.99,10.7248541507,,,,,,,,,,,,,,,,,,
603663.SH,三祥新材,SSE,基础化工,化学原料,10.5932476038,55.15,117550379.5,14.2619144341,173.08,36889130.14,10.5932476038,,,,,,,,,,,,,,,,,,
002768.SZ,国恩股份,SZSE,基础化工,塑料,10.5690892399,24.38,841288804.33,21.8633928154,131.08,256619640.41,10.5690892399,,,,,,,,,,,,,,,,,,
002942.SZ,新农股份,SZSE,基础化工,农化制品,15.1683376977,65.27,95406797.77,13.105556262,10.52,46109195.31,10.52,,,,,,,,,,,,,,,,,,
002886.SZ,沃特股份,SZSE,基础化工,塑料,8.1681157048,75.97,64397172.18,16.6889847481,112.81,13006598.86,8.1681157048,,,,,,,,,,,,,,,,,,
002669.SZ,康达新材,SZSE,基础化工,化学制品,68.873583946,150.96,125439848.43,31.7781405879,7.73,6864386.96,7.73,,,,,,,,,,,,,,,,,,
603255.SH,鼎际得,SSE,基础化工,化学制品,7.6550742551,194.14,11421195.87,53.0304218243,431.6583838135,11178362.95,7.6550742551,,,,,,,,,,,,,,,,,,
603928.SH,兴业股份,SSE,基础化工,塑料,7.4945159621,150.6,101538170.67,14.0956409274,144.41,31809608.93,7.4945159621,,,,,,,,,,,,,,,,,,
600389.SH,江山股份,SSE,基础化工,农化制品,7.0807460279,137.35,532600833.25,11.3741103476,17.46,182664566.45,7.0807460279,,,,,,,,,,,,,,,,,,
002734.SZ,利民股份,SZSE,基础化工,农化制品,6.8334480653,489.7,479763485.08,9.6498779673,22.23,132150741.13,6.8334480653,,,,,,,,,,,,,,,,,,
002683.SZ,广东宏大,SZSE,基础化工,化学制品,49.2034857572,6.62,957184117.73,18.8466314192,10.66,103486709.51,6.62,,,,,,,,,,,,,,,,,,
001359.SZ,平安电工,SZSE,基础化工,塑料,12.5227034541,11.1,241631782.44,20.6063727346,5.51,55257416.05,5.51,,,,,,,,,,,,,,,,,,
600078.SH,澄星股份,SSE,基础化工,农化制品,7.1612587685,104.26,8472122.07,5.2958474429,176.79,27583358.27,5.2958474429,,,,,,,,,,,,,,,,,,
003017.SZ,大洋生物,SZSE,基础化工,化学原料,14.889061859,56.64,99854406.02,11.7114208531,5.21,30870752.17,5.21,,,,,,,,,,,,,,,,,,
002562.SZ,兄弟科技,SZSE,基础化工,化学制品,4.9507623402,133.02,95105486.25,7.4000995826,68.47,35224677.34,4.9507623402,,,,,,,,,,,,,,,,,,
603650.SH,彤程新材,SSE,基础化工,橡胶,4.8476366686,8.86,562549729.93,22.5131803874,13.83,182301581.09,4.8476366686,,,,,,,,,,,,,,,,,,
002391.SZ,长青股份,SZSE,基础化工,农化制品,4.5760676205,133.8,40538811.3,8.3459806547,84.1,30726185.48,4.5760676205,,,,,,,,,,,,,,,,,,
600160.SH,巨化股份,SSE,基础化工,化学制品,10.3348961081,94.29,3783228877.44,3.747931522,45.93,1173009944.11,3.747931522,,,,,,,,,,,,,,,,,,
603067.SH,振华股份,SSE,基础化工,化学原料,11.5293062052,39.37,659036244.18,17.1283362461,3.61,121617475.49,3.61,,,,,,,,,,,,,,,,,,
603739.SH,蔚蓝生物,SSE,基础化工,化学制品,3.4345816366,11.45,69809673.62,11.2354745591,86.57,17867737.01,3.4345816366,,,,,,,,,,,,,,,,,,
603172.SH,万丰股份,SSE,基础化工,化学制品,3.1804273047,25.91,48258826.66,37.730059961,34.64,13953446.0,3.1804273047,,,,,,,,,,,,,,,,,,
603181.SH,皇马科技,SSE,基础化工,化学制品,3.0611293776,9.76,436605190.72,8.883335242,10.47,112420033.13,3.0611293776,,,,,,,,,,,,,,,,,,
605033.SH,美邦股份,SSE,基础化工,农化制品,2.9838147701,32.03,48664656.72,16.2143191508,18.92,35620121.96,2.9838147701,,,,,,,,,,,,,,,,,,
002430.SZ,杭氧股份,SZSE,基础化工,化学制品,9.9591721999,2.87,948853670.52,12.1117423599,17.26,265106079.33,2.87,,,,,,,,,,,,,,,,,,
002539.SZ,云图控股,SZSE,基础化工,农化制品,5.0065393194,2.81,827079355.89,6.8296959461,19.62,303557057.35,2.81,,,,,,,,,,,,,,,,,,
601678.SH,滨化股份,SSE,基础化工,化学原料,45.0562369139,2.75,225280998.04,3.7035928786,52.55,146443573.2,2.75,,,,,,,,,,,,,,,,,,
000792.SZ,盐湖股份,SZSE,基础化工,农化制品,2.4258053542,81.76,8475535262.69,94.8919768094,154.78,3026668895.57,2.4258053542,,,,,,,,,,,,,,,,,,
001369.SZ,双欣材料,SZSE,基础化工,化学纤维,2.8284278673,2.84,536187731.54,12.0704621446,2.03,127761153.7,2.03,,,,,,,,,,,,,,,,,,
001325.SZ,元创股份,SZSE,基础化工,橡胶,6.115145548,2.03,157796272.42,10.4346120266,1.27,25574072.4,1.27,,,,,,,,,,,,,,,,,,
001231.SZ,农心科技,SZSE,基础化工,农化制品,18.5733883719,11.2,66633350.64,1.1874025363,5.13,19326591.19,1.1874025363,,,,,,,,,,,,,,,,,,
002748.SZ,世龙实业,SZSE,基础化工,化学原料,0.994224319,120.12,57606199.99,7.4357145402,59.22,38489994.09,0.994224319,,,,,,,,,,,,,,,,,,
002440.SZ,闰土股份,SZSE,基础化工,化学制品,0.6119740412,213.54,669361046.96,31.5940749092,284.41,183723457.65,0.6119740412,,,,,,,,,,,,,,,,,,
002917.SZ,金奥博,SZSE,基础化工,化学制品,8.3812544532,40.7,174572122.66,0.1449111754,7.41,38367291.44,0.1449111754,,,,,,,,,,,,,,,,,,
603916.SH,苏博特,SSE,基础化工,化学制品,0.0152152704,26.19,120993508.49,2.0424272314,24.08,30186953.9,0.0152152704,,,,,,,,,,,,,,,,,,
603256.SH,宏和科技,SSE,建筑材料,玻璃玻纤,40.3052543035,785.55,201913337.03,79.7191717974,354.22,140230750.9,40.3052543035,,,,,,,,,,,,,,,,,,
002080.SZ,中材科技,SZSE,建筑材料,玻璃玻纤,25.8992517572,103.82,1817776776.61,24.4977984136,40.15,507472483.06,24.4977984136,,,,,,,,,,,,,,,,,,
600176.SH,中国巨石,SSE,建筑材料,玻璃玻纤,19.0788191625,34.38,3285461018.68,17.9290509314,73.48,1267151599.42,17.9290509314,,,,,,,,,,,,,,,,,,
601112.SH,振石股份,SSE,建筑材料,玻璃玻纤,62.2598515597,21.19,733950365.59,20.3221721275,10.33,200180135.07,10.33,,,,,,,,,,,,,,,,,,
600801.SH,华新建材,SSE,建筑材料,水泥,3.3051422981,18.09,2853332040.0,24.4010936971,169.39,630122108.0,3.3051422981,,,,,,,,,,,,,,,,,,
002392.SZ,北京利尔,SZSE,建筑材料,装修建材,10.1743345637,25.86,400973948.96,12.3371572328,3.11,130407595.61,3.11,,,,,,,,,,,,,,,,,,
603737.SH,三棵树,SSE,建筑材料,装修建材,3.4891539083,133.45,774909488.78,14.3301375821,1.45,106678362.57,1.45,,,,,,,,,,,,,,,,,,
600692.SH,亚通股份,SSE,房地产,房地产开发,109.8209847644,126.43,14393012.74,223.3314214648,116.4251420185,1750177.91,109.8209847644,,,,,,,,,,,,,,,,,,
000036.SZ,华联控股,SZSE,房地产,房地产开发,46.1258865994,73.15,70145408.95,114.8723802065,354.07,26038318.39,46.1258865994,,,,,,,,,,,,,,,,,,
603506.SH,南都物业,SSE,房地产,房地产服务,3.1466004346,353.09,99249593.84,3.1241919205,61.82,47708179.53,3.1241919205,,,,,,,,,,,,,,,,,,
601069.SH,西部黄金,SSE,有色金属,贵金属,93.8018310361,86.09,471958360.67,316.2775960757,2102.76,522488033.7,86.09,,,,,,,,,,,,,,,,,,
001337.SZ,四川黄金,SZSE,有色金属,贵金属,60.3774711325,87.69,465823988.03,130.7886164162,176.93,265502177.41,60.3774711325,,,,,,,,,,,,,,,,,,
000506.SZ,招金黄金,SZSE,有色金属,贵金属,58.1284681915,224.66,158857625.01,82.7880548824,6136.21,187405996.36,58.1284681915,,,,,,,,,,,,,,,,,,
002716.SZ,湖南白银,SZSE,有色金属,贵金属,49.6988376894,100.38,340185327.64,69.1683655353,455.78,155526279.39,49.6988376894,,,,,,,,,,,,,,,,,,
002155.SZ,湖南黄金,SZSE,有色金属,贵金属,80.2582819352,75.77,1487994929.97,43.5051049744,79.21,595546380.34,43.5051049744,,,,,,,,,,,,,,,,,,
600338.SH,西藏珠峰,SSE,有色金属,工业金属,48.215157384,123.0,512033436.59,47.8761947272,42.73,179818563.83,42.73,,,,,,,,,,,,,,,,,,
002378.SZ,章源钨业,SZSE,有色金属,小金属,41.6168657535,68.82,290425623.45,121.7552209802,795.78,381312910.29,41.6168657535,,,,,,,,,,,,,,,,,,
600988.SH,赤峰黄金,SSE,有色金属,贵金属,40.0260993188,74.7,3082367791.68,47.6534321956,104.43,988242794.57,40.0260993188,,,,,,,,,,,,,,,,,,
002842.SZ,翔鹭钨业,SZSE,有色金属,小金属,37.7085711217,260.56,143704071.81,138.6536376602,2917.13,250511730.78,37.7085711217,,,,,,,,,,,,,,,,,,
603799.SH,华友钴业,SSE,有色金属,能源金属,32.9361304158,47.07,6110378757.84,44.6237854319,99.45,2497278226.82,32.9361304158,,,,,,,,,,,,,,,,,,
603045.SH,福达合金,SSE,有色金属,金属新材料,30.8450540167,136.8,108059343.87,92.6730897404,3635.07,181064311.71,30.8450540167,,,,,,,,,,,,,,,,,,
600549.SH,厦门钨业,SSE,有色金属,小金属,30.7912602522,34.89,2309374213.97,86.9907416614,189.14,1106815989.81,30.7912602522,,,,,,,,,,,,,,,,,,
002192.SZ,融捷股份,SZSE,有色金属,能源金属,49.7124401029,29.52,278764889.29,295.7696705462,1296.26,277972235.66,29.52,,,,,,,,,,,,,,,,,,
600111.SH,北方稀土,SSE,有色金属,小金属,29.1108313592,124.17,2251272073.68,27.6935884581,113.12,917740662.2,27.6935884581,,,,,,,,,,,,,,,,,,
000975.SZ,山金国际,SZSE,有色金属,贵金属,25.8597705263,36.75,2971658678.29,37.4083960136,100.89,1393833455.85,25.8597705263,,,,,,,,,,,,,,,,,,
600547.SH,山东黄金,SSE,有色金属,贵金属,26.3813952707,60.57,4739393120.72,25.3726440826,40.87,1445657595.58,25.3726440826,,,,,,,,,,,,,,,,,,
002460.SZ,赣锋锂业,SZSE,有色金属,能源金属,22.0842104098,177.77,1612980993.34,143.8134944996,616.34,1837274971.24,22.0842104098,,,,,,,,,,,,,,,,,,
605376.SH,博迁新材,SSE,有色金属,能源金属,21.8396634794,150.57,219187631.7,64.022885055,49.64,71626312.6,21.8396634794,,,,,,,,,,,,,,,,,,
603979.SH,金诚信,SSE,有色金属,工业金属,39.7445221113,47.66,2338703276.64,21.4473092393,42.55,601471668.1,21.4473092393,,,,,,,,,,,,,,,,,,
600489.SH,中金黄金,SSE,有色金属,贵金属,20.6212641041,45.71,4933582739.46,52.0092189843,129.23,2380516073.93,20.6212641041,,,,,,,,,,,,,,,,,,
002824.SZ,和胜股份,SZSE,有色金属,工业金属,20.3395596028,92.47,154869016.07,36.8160410677,104.65,24590199.57,20.3395596028,,,,,,,,,,,,,,,,,,
000657.SZ,中钨高新,SZSE,有色金属,小金属,19.3444807749,29.2,1280667298.04,106.4716284137,264.44,921090515.67,19.3444807749,,,,,,,,,,,,,,,,,,
603115.SH,海星股份,SSE,有色金属,工业金属,19.05339704,28.17,206233915.24,24.9830549628,74.74,39654320.07,19.05339704,,,,,,,,,,,,,,,,,,
603271.SH,永杰新材,SSE,有色金属,工业金属,18.8587803068,30.0,415271234.11,21.5881052752,57.58,119306113.5,18.8587803068,,,,,,,,,,,,,,,,,,
000751.SZ,锌业股份,SZSE,有色金属,工业金属,18.7560002808,220.19,68148741.71,26.3544979883,158.81,73714445.9,18.7560002808,,,,,,,,,,,,,,,,,,
603124.SH,江南新材,SSE,有色金属,金属新材料,18.7419522089,24.28,219115400.25,39.7042852812,113.91,78161200.37,18.7419522089,,,,,,,,,,,,,,,,,,
000737.SZ,北方铜业,SZSE,有色金属,工业金属,15.8009662894,29.01,790615580.91,46.8918388215,65.74,614971063.13,15.8009662894,,,,,,,,,,,,,,,,,,
601899.SH,紫金矿业,SSE,有色金属,工业金属,14.9648044101,61.55,51777327785.0,24.7937696755,97.5,20079391507.0,14.9648044101,,,,,,,,,,,,,,,,,,
002237.SZ,恒邦股份,SZSE,有色金属,贵金属,48.2761584355,15.55,637653078.17,73.3664393315,14.56,182408871.05,14.56,,,,,,,,,,,,,,,,,,
605208.SH,永茂泰,SSE,有色金属,工业金属,42.6108155886,79.96,67503608.09,13.7894025239,22.98,17858099.13,13.7894025239,,,,,,,,,,,,,,,,,,
601168.SH,西部矿业,SSE,有色金属,工业金属,23.3104131315,24.0,3642686772.0,13.1916915455,96.34,1586046550.0,13.1916915455,,,,,,,,,,,,,,,,,,
600392.SH,盛和资源,SSE,有色金属,小金属,31.8341773808,304.94,839014104.85,13.0690309575,94.46,327338842.89,13.0690309575,,,,,,,,,,,,,,,,,,
600961.SH,株冶集团,SSE,有色金属,工业金属,12.5875858718,43.06,1125228980.31,45.9023858305,313.0,1143680542.34,12.5875858718,,,,,,,,,,,,,,,,,,
603132.SH,金徽股份,SSE,有色金属,工业金属,11.9973585719,15.29,542265974.26,53.9931699543,118.41,204927578.45,11.9973585719,,,,,,,,,,,,,,,,,,
000426.SZ,兴业银锡,SZSE,有色金属,工业金属,30.0878187556,11.4,1704239280.88,85.321322385,257.32,1337672163.55,11.4,,,,,,,,,,,,,,,,,,
600768.SH,宁波富邦,SSE,有色金属,工业金属,10.8495398822,3649.06,58586816.21,83.6816817832,450.49,27985693.44,10.8495398822,,,,,,,,,,,,,,,,,,
000807.SZ,云铝股份,SZSE,有色金属,工业金属,10.2707611921,37.24,6054686552.59,13.6840893824,269.45,3599885593.79,10.2707611921,,,,,,,,,,,,,,,,,,
000408.SZ,藏格矿业,SZSE,有色金属,能源金属,10.0268296111,49.32,3852353240.98,29.6084681859,110.6,1573735244.12,10.0268296111,,,,,,,,,,,,,,,,,,
603876.SH,鼎胜新材,SSE,有色金属,工业金属,9.4988683953,70.34,512872729.05,12.4605972719,127.28,193812230.62,9.4988683953,,,,,,,,,,,,,,,,,,
000603.SZ,盛达资源,SZSE,有色金属,工业金属,22.2646956863,36.51,532455211.98,9.0193804354,858.53,79405421.57,9.0193804354,,,,,,,,,,,,,,,,,,
601677.SH,明泰铝业,SSE,有色金属,工业金属,8.7077134126,12.1,1959958704.81,20.2169079241,59.68,702045972.45,8.7077134126,,,,,,,,,,,,,,,,,,
001280.SZ,中国铀业,SZSE,有色金属,小金属,15.1356422143,12.82,1645440141.75,8.6181358043,52.71,214089722.11,8.6181358043,,,,,,,,,,,,,,,,,,
600366.SH,宁波韵升,SSE,有色金属,金属新材料,8.3883944436,247.95,330825589.94,33.5339561499,213.11,116532816.04,8.3883944436,,,,,,,,,,,,,,,,,,
002996.SZ,顺博合金,SZSE,有色金属,工业金属,14.3709248562,297.39,221644035.57,9.7474489863,8.01,126372318.85,8.01,,,,,,,,,,,,,,,,,,
600531.SH,豫光金铅,SSE,有色金属,工业金属,25.9478320623,6.55,860092192.16,57.3225598069,20.14,274880809.37,6.55,,,,,,,,,,,,,,,,,,
002171.SZ,楚江新材,SZSE,有色金属,工业金属,12.6992149037,66.71,383200508.22,36.0703365567,6.39,140163107.32,6.39,,,,,,,,,,,,,,,,,,
000831.SZ,中国稀土,SZSE,有色金属,小金属,5.111470531,160.15,172576348.02,12.7856553133,90.8,138554049.7,5.111470531,,,,,,,,,,,,,,,,,,
002532.SZ,天山铝业,SZSE,有色金属,工业金属,5.0293925043,8.13,4817847502.12,6.553903303,109.7,2218783652.74,5.0293925043,,,,,,,,,,,,,,,,,,
000758.SZ,中色股份,SZSE,有色金属,工业金属,13.4809605636,18.2,475537227.19,27.0340365734,4.94,259790838.12,4.94,,,,,,,,,,,,,,,,,,
601388.SH,怡球资源,SSE,有色金属,工业金属,8.5469879261,815.58,169834918.62,4.5054897087,179.68,59968500.63,4.5054897087,,,,,,,,,,,,,,,,,,
000960.SZ,锡业股份,SZSE,有色金属,小金属,3.7212604095,36.14,1966179528.75,59.8583424538,73.71,867590831.63,3.7212604095,,,,,,,,,,,,,,,,,,
002379.SZ,宏桥控股,SZSE,有色金属,工业金属,4.2470657698,3.69,17863539928.79,3.205088824,37.56,6757771302.83,3.205088824,,,,,,,,,,,,,,,,,,
600362.SH,江西铜业,SSE,有色金属,工业金属,5.4227707658,2.41,7130191864.0,25.3876597686,44.31,2817563002.0,2.41,,,,,,,,,,,,,,,,,,
600490.SH,鹏欣资源,SSE,有色金属,工业金属,81.940347446,333.0024060818,225480138.02,82.6216057905,2.35,110286191.28,2.35,,,,,,,,,,,,,,,,,,
601958.SH,金钼股份,SSE,有色金属,小金属,1.9422540852,5.77,3154805423.48,26.6677285348,32.99,901621664.94,1.9422540852,,,,,,,,,,,,,,,,,,
601600.SH,中国铝业,SSE,有色金属,工业金属,1.6937372445,2.25,12673918000.0,4.8488062761,56.35,5527245000.0,1.6937372445,,,,,,,,,,,,,,,,,,
600595.SH,中孚实业,SSE,有色金属,工业金属,1.3494492078,129.83,1617293286.14,32.2262089537,256.61,821413561.58,1.3494492078,,,,,,,,,,,,,,,,,,
601609.SH,金田股份,SSE,有色金属,工业金属,0.7275954811,56.16,752452426.54,33.6828294852,12.91,170265976.04,0.7275954811,,,,,,,,,,,,,,,,,,
000612.SZ,焦作万方,SZSE,有色金属,工业金属,0.4606958807,81.95,1071123219.17,18.485738586,216.46,510739130.7,0.4606958807,,,,,,,,,,,,,,,,,,
002975.SZ,博杰股份,SZSE,机械设备,自动化设备,48.9211139382,557.51,146323729.46,127.2111326142,419.12,65902757.23,48.9211139382,,,,,,,,,,,,,,,,,,
605305.SH,中际联合,SSE,机械设备,工程机械,44.6423597755,68.47,530336380.44,38.4142947611,30.74,128829355.35,30.74,,,,,,,,,,,,,,,,,,
600499.SH,科达制造,SSE,机械设备,专用设备,38.0087996425,30.07,1308863400.0,25.4774604405,69.1,586622500.0,25.4774604405,,,,,,,,,,,,,,,,,,
000988.SZ,华工科技,SZSE,机械设备,自动化设备,22.5941190209,20.48,1470794704.16,27.1313315504,55.76,638461927.07,20.48,2026-05-08,Hold,,,,,,,,,,,,,,,analyses/华工科技_000988_2026-05-08.md,
605389.SH,长龄液压,SSE,机械设备,工程机械,21.5778697386,33.25,126230324.02,20.227999462,22.29,37694382.09,20.227999462,,,,,,,,,,,,,,,,,,
603699.SH,纽威股份,SSE,机械设备,通用设备,24.5279166245,38.54,1600904035.19,16.5283120327,31.4,345185396.9,16.5283120327,,,,,,,,,,,,,,,,,,
605056.SH,咸亨国际,SSE,机械设备,通用设备,26.4838960325,16.45,259593360.37,37.3358577792,20.52,25998576.42,16.45,,,,,,,,,,,,,,,,,,
603308.SH,应流股份,SSE,机械设备,通用设备,16.1277563325,21.74,348641494.58,34.1320827838,30.55,120165239.96,16.1277563325,,,,,,,,,,,,,,,,,,
603025.SH,大豪科技,SSE,机械设备,自动化设备,18.6979992868,21.54,710116301.56,15.582997897,41.32,237894289.96,15.582997897,,,,,,,,,,,,,,,,,,
603269.SH,海鸥股份,SSE,机械设备,通用设备,15.3593889464,20.61,115679716.34,32.0976643545,18.26,22404586.99,15.3593889464,,,,,,,,,,,,,,,,,,
603638.SH,艾迪精密,SSE,机械设备,工程机械,17.2925501001,14.4,393675207.1,51.5824484111,48.39,151439414.32,14.4,,,,,,,,,,,,,,,,,,
605060.SH,联德股份,SSE,机械设备,通用设备,14.1869381239,21.46,227695340.13,22.4238267913,35.07,62347821.83,14.1869381239,,,,,,,,,,,,,,,,,,
603966.SH,法兰泰克,SSE,机械设备,专用设备,14.0165048991,40.53,234617768.7,57.9228976675,57.75,54256883.49,14.0165048991,,,,,,,,,,,,,,,,,,
603698.SH,航天工程,SSE,机械设备,专用设备,23.6748509042,14.43,216505400.68,12.9043895156,20.98,40964069.81,12.9043895156,,,,,,,,,,,,,,,,,,
002979.SZ,雷赛智能,SZSE,机械设备,自动化设备,18.2767345521,12.42,225372275.43,34.5483250016,29.2,72120345.94,12.42,,,,,,,,,,,,,,,,,,
603901.SH,永创智能,SSE,机械设备,专用设备,11.8352113081,780.87,137239234.45,11.6198052212,75.26,71295596.07,11.6198052212,,,,,,,,,,,,,,,,,,
603416.SH,信捷电气,SSE,机械设备,自动化设备,17.8725959317,11.21,254166282.87,19.5744671726,18.17,54367736.3,11.21,,,,,,,,,,,,,,,,,,
600980.SH,北矿科技,SSE,机械设备,专用设备,10.0252764906,17.71,124559512.38,10.5733150236,10.55,22948032.14,10.0252764906,,,,,,,,,,,,,,,,,,
001256.SZ,炜冈科技,SZSE,机械设备,专用设备,9.4365801634,47.49,133013609.05,18.4608226383,43.77,37599118.65,9.4365801634,,,,,,,,,,,,,,,,,,
603656.SH,泰禾智能,SSE,机械设备,专用设备,9.2681203221,35.67,29127806.62,28.7296663929,168.56,5612179.62,9.2681203221,,,,,,,,,,,,,,,,,,
002204.SZ,大连重工,SZSE,机械设备,专用设备,8.6591288718,17.11,583079439.56,15.4055591413,16.17,208454695.53,8.6591288718,,,,,,,,,,,,,,,,,,
603270.SH,金帝股份,SSE,机械设备,通用设备,49.0743811161,47.86,147181326.83,38.1555305144,8.19,41840261.74,8.19,,,,,,,,,,,,,,,,,,
002957.SZ,科瑞技术,SZSE,机械设备,自动化设备,7.5488255033,95.93,273084227.65,15.4213466627,56.87,69421016.44,7.5488255033,,,,,,,,,,,,,,,,,,
601766.SH,中国中车,SSE,机械设备,轨交设备Ⅱ,10.7876153412,6.4,13181015000.0,10.5746239802,10.66,3378321000.0,6.4,,,,,,,,,,,,,,,,,,
603298.SH,杭叉集团,SSE,机械设备,工程机械,5.9045589422,8.87,2191315695.9,10.3465172552,9.17,471607407.15,5.9045589422,,,,,,,,,,,,,,,,,,
603338.SH,浙江鼎力,SSE,机械设备,工程机械,9.9573680311,16.6,1899204197.29,29.4772129696,5.66,452900563.43,5.66,,,,,,,,,,,,,,,,,,
601100.SH,恒立液压,SSE,机械设备,工程机械,16.5217364769,8.99,2734121067.32,32.5214186712,5.59,652191721.93,5.59,,,,,,,,,,,,,,,,,,
600114.SH,东睦股份,SSE,机械设备,通用设备,17.3928065806,34.95,535770128.1,5.3179543778,12.69,125872221.42,5.3179543778,,,,,,,,,,,,,,,,,,
603337.SH,杰克科技,SSE,机械设备,专用设备,8.0953699919,5.38,855939927.09,12.8617305362,4.47,256681084.8,4.47,,,,,,,,,,,,,,,,,,
600458.SH,时代新材,SSE,机械设备,轨交设备Ⅱ,7.0582724654,15.45,513614435.4,7.2499495433,4.41,158223575.62,4.41,,,,,,,,,,,,,,,,,,
600558.SH,大西洋,SSE,机械设备,通用设备,4.3137323254,17.56,182194380.37,7.2521601699,36.04,55727299.69,4.3137323254,,,,,,,,,,,,,,,,,,
601177.SH,杭齿前进,SSE,机械设备,通用设备,4.2869140117,5.28,253525567.88,14.3857848042,16.99,62754300.99,4.2869140117,,,,,,,,,,,,,,,,,,
603280.SH,南方路机,SSE,机械设备,工程机械,3.5684330131,4.27,94674305.15,41.5795861018,4.27,11214272.46,3.5684330131,,,,,,,,,,,,,,,,,,
601399.SH,国机重装,SSE,机械设备,专用设备,9.4775083044,7.33,463513959.05,3.0367439127,14.39,126999673.55,3.0367439127,,,,,,,,,,,,,,,,,,
002490.SZ,山东墨龙,SZSE,机械设备,专用设备,29.8801849406,111.8,5155602.79,128.5270172146,2.96,5583952.25,2.96,,,,,,,,,,,,,,,,,,
000680.SZ,山推股份,SZSE,机械设备,工程机械,2.8239743968,9.86,1210975183.61,20.1060274024,20.81,335527232.51,2.8239743968,,,,,,,,,,,,,,,,,,
002690.SZ,美亚光电,SZSE,机械设备,专用设备,4.1584809022,10.77,719117651.3,2.497452691,6.93,115969450.2,2.497452691,,,,,,,,,,,,,,,,,,
002353.SZ,杰瑞股份,SZSE,机械设备,专用设备,21.4757540015,2.03,2680474679.7,22.4807284292,26.32,588253737.78,2.03,,,,,,,,,,,,,,,,,,
001226.SZ,拓山重工,SZSE,机械设备,工程机械,12.4825191742,1.25,20509558.99,17.0728513059,29.64,10513259.05,1.25,,,,,,,,,,,,,,,,,,
002132.SZ,恒星科技,SZSE,机械设备,通用设备,1.0225710361,37.97,18774249.89,10.3933886239,899.11,56649299.28,1.0225710361,,,,,,,,,,,,,,,,,,
600320.SH,振华重工,SSE,机械设备,专用设备,5.2357097328,37.17,731841793.0,0.8924110977,47.39,376340981.0,0.8924110977,,,,,,,,,,,,,,,,,,
000425.SZ,徐工机械,SZSE,机械设备,工程机械,8.3681281147,8.96,6572221644.27,9.258451752,0.86,2056440952.77,0.86,,,,,,,,,,,,,,,,,,
603029.SH,天鹅股份,SSE,机械设备,专用设备,24.2576105309,7.66,74630695.77,42.7032788719,0.57,7404702.76,0.57,,,,,,,,,,,,,,,,,,
600031.SH,三一重工,SSE,机械设备,工程机械,14.4368948422,41.18,8408057000.0,14.0257616271,0.46,2480743000.0,0.46,,,,,,,,,,,,,,,,,,
002164.SZ,宁波东力,SZSE,机械设备,通用设备,0.4440679559,326.68,195906157.06,1.2210642705,37.4,21776502.59,0.4440679559,,,,,,,,,,,,,,,,,,
601608.SH,中信重工,SSE,机械设备,专用设备,0.9077379198,0.24,375461851.45,0.5761715032,4.57,95081881.74,0.24,,,,,,,,,,,,,,,,,,
603111.SH,康尼机电,SSE,机械设备,轨交设备Ⅱ,5.5369766021,0.19,351481718.43,3.8583757975,9.42,55794040.43,0.19,,,,,,,,,,,,,,,,,,
000880.SZ,潍柴重机,SZSE,汽车,汽车零部件,46.5088999598,65.75,240050540.37,87.0017270657,76.49,54594888.12,46.5088999598,,,,,,,,,,,,,,,,,,
601777.SH,千里科技,SSE,汽车,摩托车及其他,42.1300038162,110.93,84408214.23,30.6888174392,141.31,48370208.96,30.6888174392,,,,,,,,,,,,,,,,,,
603119.SH,浙江荣泰,SSE,汽车,汽车零部件,21.2370710821,20.9,278380063.24,41.261522191,20.63,71792393.09,20.63,,,,,,,,,,,,,,,,,,
605228.SH,神通科技,SSE,汽车,汽车零部件,35.6993619292,515.8479727488,132986884.78,20.4007194633,420.14,46430580.02,20.4007194633,,,,,,,,,,,,,,,,,,
603085.SH,天成自控,SSE,汽车,汽车零部件,35.3941397331,615.1146101675,84897784.11,44.7075493305,20.04,25112438.25,20.04,,,,,,,,,,,,,,,,,,
002406.SZ,远东传动,SZSE,汽车,汽车零部件,22.902229226,32.01,156217047.47,19.5512709722,58.54,45023026.54,19.5512709722,,,,,,,,,,,,,,,,,,
002448.SZ,中原内配,SZSE,汽车,汽车零部件,18.4861434363,100.75,409343800.61,25.403979127,78.66,198272774.66,18.4861434363,,,,,,,,,,,,,,,,,,
002708.SZ,光洋股份,SZSE,汽车,汽车零部件,17.6135024315,97.95,100978033.01,15.1209089924,26.0,32056910.52,15.1209089924,,,,,,,,,,,,,,,,,,
603949.SH,雪龙集团,SSE,汽车,汽车零部件,20.6456003638,48.96,89985076.16,14.4853637334,31.95,23453779.2,14.4853637334,,,,,,,,,,,,,,,,,,
603210.SH,泰鸿万立,SSE,汽车,汽车零部件,35.8071164491,13.61,200780782.35,20.2963797901,27.23,56132028.85,13.61,,,,,,,,,,,,,,,,,,
001285.SZ,瑞立科密,SZSE,汽车,汽车零部件,21.0064558753,23.75,333030600.76,13.581715039,26.28,82685463.64,13.581715039,,,,,,,,,,,,,,,,,,
603390.SH,通达电气,SSE,汽车,汽车零部件,52.2416059193,232.78,85218551.13,13.2769606036,240.79,63856513.14,13.2769606036,,,,,,,,,,,,,,,,,,
000951.SZ,中国重汽,SZSE,汽车,商用车,28.5073910964,12.58,1665800234.13,52.303927815,46.5,454667008.99,12.58,,,,,,,,,,,,,,,,,,
600148.SH,长春一东,SSE,汽车,汽车零部件,10.9896525228,592.4688939443,11431187.72,26.3821386607,1221.2033521503,4655113.21,10.9896525228,,,,,,,,,,,,,,,,,,
002283.SZ,天润工业,SZSE,汽车,汽车零部件,12.5548247284,10.62,367813764.09,26.4422580183,47.7,145447079.55,10.62,,,,,,,,,,,,,,,,,,
603006.SH,联明股份,SSE,汽车,汽车零部件,10.3201316806,46.56,92373189.61,36.7427635275,109.03,22063164.84,10.3201316806,,,,,,,,,,,,,,,,,,
601799.SH,星宇股份,SSE,汽车,汽车零部件,15.1191596691,15.32,1624090601.09,10.8373942973,10.26,355156708.89,10.26,,,,,,,,,,,,,,,,,,
002997.SZ,瑞鹄模具,SZSE,汽车,汽车零部件,35.801066473,11.85,391820868.38,34.6937149491,9.55,106747038.77,9.55,,,,,,,,,,,,,,,,,,
603418.SH,友升股份,SSE,汽车,汽车零部件,26.1123248719,21.01,490281842.67,8.9365732999,16.64,103198451.47,8.9365732999,,,,,,,,,,,,,,,,,,
002488.SZ,金固股份,SZSE,汽车,汽车零部件,14.0211669162,79.29,41563887.1,8.7772420333,199.86,23205946.44,8.7772420333,,,,,,,,,,,,,,,,,,
002516.SZ,旷达科技,SZSE,汽车,汽车零部件,8.4566210778,12.65,184177272.39,16.562351568,24.4,54701505.7,8.4566210778,,,,,,,,,,,,,,,,,,
603009.SH,北特科技,SSE,汽车,汽车零部件,14.7916142559,67.35,119548819.1,8.036429646,17.86,27178079.78,8.036429646,,,,,,,,,,,,,,,,,,
002284.SZ,亚太股份,SZSE,汽车,汽车零部件,31.6107160769,130.18,490129786.59,7.9076174125,41.83,142098237.67,7.9076174125,,,,,,,,,,,,,,,,,,
600099.SH,林海股份,SSE,汽车,摩托车及其他,7.6622358194,33.24,24552718.7,20.3066789473,19.13,4161851.3,7.6622358194,,,,,,,,,,,,,,,,,,
000800.SZ,一汽解放,SZSE,汽车,商用车,6.993542871,16.41,724545159.9,30.9232152436,241.82,99309959.88,6.993542871,,,,,,,,,,,,,,,,,,
603166.SH,福达股份,SSE,汽车,汽车零部件,20.6619285456,70.87,316589821.03,6.9515813997,15.36,75104193.5,6.9515813997,,,,,,,,,,,,,,,,,,
600686.SH,金龙汽车,SSE,汽车,商用车,6.8850576841,196.9,468335968.18,17.0359254383,220.77,149994223.96,6.8850576841,,,,,,,,,,,,,,,,,,
605319.SH,无锡振华,SSE,汽车,汽车零部件,17.029060723,23.11,465190749.41,11.4660199482,6.61,100796102.44,6.61,,,,,,,,,,,,,,,,,,
002906.SZ,华阳集团,SZSE,汽车,汽车零部件,28.4579774405,20.0,781606516.73,24.3696479954,6.61,165756665.32,6.61,,,,,,,,,,,,,,,,,,
600166.SH,福田汽车,SSE,汽车,商用车,28.407865752,1593.29,1363826801.45,6.6051874603,15.1,501440493.03,6.6051874603,,,,,,,,,,,,,,,,,,
603013.SH,亚普股份,SSE,汽车,汽车零部件,13.0905917763,5.62,528211936.71,11.2283934164,25.39,161900358.91,5.62,,,,,,,,,,,,,,,,,,
603190.SH,亚通精工,SSE,汽车,汽车零部件,5.4211256832,23.02,110839789.42,19.5894253653,40.73,49932787.71,5.4211256832,,,,,,,,,,,,,,,,,,
000957.SZ,中通客车,SZSE,汽车,商用车,27.8201673135,44.18,359650747.99,5.2253299656,30.04,99494940.04,5.2253299656,,,,,,,,,,,,,,,,,,
603049.SH,中策橡胶,SSE,汽车,汽车零部件,14.5241320262,9.51,4147466448.15,5.1677045828,5.91,1219621064.1,5.1677045828,,,,,,,,,,,,,,,,,,
605128.SH,上海沿浦,SSE,汽车,汽车零部件,6.2807115891,36.93,187661701.78,3.7308457713,40.99,46312679.86,3.7308457713,,,,,,,,,,,,,,,,,,
002664.SZ,信质集团,SZSE,汽车,汽车零部件,3.1071027426,534.27,133675951.87,10.6489881652,387.85,27845672.3,3.1071027426,,,,,,,,,,,,,,,,,,
000570.SZ,苏常柴A,SZSE,汽车,汽车零部件,2.5024864201,174.86,50820986.84,4.9027199889,70.16,74394909.83,2.5024864201,,,,,,,,,,,,,,,,,,
603997.SH,继峰股份,SSE,汽车,汽车零部件,2.3689389709,180.0262365246,453589302.84,23.9166916279,26.04,131632387.44,2.3689389709,,,,,,,,,,,,,,,,,,
603129.SH,春风动力,SSE,汽车,摩托车及其他,31.3040108066,13.83,1675371241.24,26.0738710527,1.81,422686460.53,1.81,,,,,,,,,,,,,,,,,,
002472.SZ,双环传动,SZSE,汽车,汽车零部件,3.7667533065,23.21,1261517918.31,1.4879662829,2.93,284090469.65,1.4879662829,,,,,,,,,,,,,,,,,,
002126.SZ,银轮股份,SZSE,汽车,汽车零部件,23.4266766473,22.17,957243636.58,24.2666922127,0.79,214047300.34,0.79,,,,,,,,,,,,,,,,,,
000589.SZ,贵州轮胎,SZSE,汽车,汽车零部件,2.3874435771,0.74,620018085.48,6.3209269899,172.57,180213432.18,0.74,,,,,,,,,,,,,,,,,,
600523.SH,贵航股份,SSE,汽车,汽车零部件,6.0040643468,8.42,192619908.29,0.6570570384,9.78,42194052.7,0.6570570384,,,,,,,,,,,,,,,,,,
601127.SH,赛力斯,SSE,汽车,乘用车,13.6922349081,0.18,5956787449.91,34.4628593186,0.89,754464672.82,0.18,,,,,,,,,,,,,,,,,,
002590.SZ,万安科技,SZSE,汽车,汽车零部件,14.3909348427,15.33,213479890.24,0.1619876519,1.22,30763266.51,0.1619876519,,,,,,,,,,,,,,,,,,
002128.SZ,电投能源,SZSE,煤炭,煤炭开采,0.8570492598,1.45,5419089199.76,11.6195776353,28.35,2001108276.43,0.8570492598,,,,,,,,,,,,,,,,,,
600395.SH,盘江股份,SSE,煤炭,煤炭开采,9.6833446153,216.34,329499119.96,0.7358299706,143.34,45324646.24,0.7358299706,,,,,,,,,,,,,,,,,,
603126.SH,中材节能,SSE,环保,环保设备Ⅱ,60.3670410674,80.37,13712715.87,89.5742371914,227.7819016228,10688106.5,60.3670410674,,,,,,,,,,,,,,,,,,
002645.SZ,华宏科技,SZSE,环保,环保设备Ⅱ,40.5083020185,157.46,204308525.49,74.9273677418,595.21,216441380.14,40.5083020185,,,,,,,,,,,,,,,,,,
600388.SH,龙净环保,SSE,环保,环保设备Ⅱ,18.4942015467,33.95,1112291417.67,20.7748168609,31.89,244154692.22,18.4942015467,,,,,,,,,,,,,,,,,,
600323.SH,瀚蓝环境,SSE,环保,环境治理,17.2523748583,18.58,1973065482.52,40.5984871254,37.83,578967237.55,17.2523748583,,,,,,,,,,,,,,,,,,
002266.SZ,浙富控股,SZSE,环保,环境治理,11.0062361861,15.06,1117760299.6,25.2163515256,122.4,602295399.0,11.0062361861,,,,,,,,,,,,,,,,,,
001336.SZ,楚环科技,SZSE,环保,环保设备Ⅱ,10.9990115729,36.03,38538808.69,103.5953933928,171.71,10590670.18,10.9990115729,,,,,,,,,,,,,,,,,,
001230.SZ,劲旅环境,SZSE,环保,环境治理,8.529239573,20.33,169270107.93,25.3950036962,9.23,42346452.91,8.529239573,2026-05-12,Underweight,当前价格28.53元恰好落入研究主管设定的28.00–28.80元减仓区间，应立即执行分批减持，将001230.SZ仓位降至组合的2%以内（若持仓则卖出1/3至1/2）。设置27.50元硬止损保护剩余仓位。重点关注2026年中报的经营现金流与应收账款周转率——若两项指标继续恶化，则升级至Sell；若企稳修复，可重新评估。时间框架：1–3个月。,28.5,1-3个月（至2026年中报披露） ---,Sell,,,"Reduce holdings to ≤2% of portfolio; if holding, sell 1/3 to 1/2 of position at 28.00–28.80. Set hard stop-loss at 27.50 for remaining position. FINAL TRANSACTION PROPOSAL: **SELL** ---",Underweight,,,,,,,analyses/劲旅环境_001230_2026-05-12.md,
003039.SZ,顺控发展,SZSE,环保,环境治理,21.1794665758,13.4,303840989.69,7.6568069052,24.11,65162416.54,7.6568069052,,,,,,,,,,,,,,,,,,
000967.SZ,盈峰环境,SZSE,环保,环保设备Ⅱ,5.5337639607,7.07,549799271.94,23.2251074112,18.61,214289794.67,5.5337639607,2026-05-12,Underweight,立即执行减仓30-40%，在14.83元附近卖出首批仓位。若股价反弹至16-17元区间，进一步将总减仓幅度提升至50%。硬止损设在13.50元，若跌破14.50元（10 EMA）且伴随放量，加速减持。保留10-20%底仓以捕捉中长期趋势修复的可能，但短期核心任务是降低融资盘踩踏带来的尾部风险暴露。,,1-3个月（短期以风险管控为主，待融资余额回落至15亿以下再评估重新加仓） ---,Sell,,13.5,Reduce positions by 30-50% from current levels; sell remaining holdings if price bounces toward 16-17 range FINAL TRANSACTION PROPOSAL: **SELL** ---,Underweight,,,,,,,analyses/盈峰环境_000967_2026-05-12.md,
603817.SH,海峡环保,SSE,环保,环境治理,13.2355453314,10.61,212091537.96,5.1139640641,49.2,67505965.58,5.1139640641,,,,,,,,,,,,,,,,,,
601033.SH,永兴股份,SSE,环保,环境治理,13.8784536918,4.87,860545342.12,22.240493781,20.72,237382393.13,4.87,,,,,,,,,,,,,,,,,,
601330.SH,绿色动力,SSE,环保,环境治理,3.9718914715,5.54,617500625.79,8.0797073036,11.66,206527020.28,3.9718914715,,,,,,,,,,,,,,,,,,
002887.SZ,绿茵生态,SZSE,环保,环境治理,18.1083800959,21.54,121421402.82,2.4409082431,50.75,40267543.51,2.4409082431,,,,,,,,,,,,,,,,,,
603588.SH,高能环境,SSE,环保,环境治理,1.6049614442,73.94,838095384.26,50.9081934711,168.4,602734316.63,1.6049614442,,,,,,,,,,,,,,,,,,
601368.SH,绿城水务,SSE,环保,环境治理,1.0176472447,8.29,95224685.45,0.8795501052,1064.83,25280275.93,0.8795501052,,,,,,,,,,,,,,,,,,
000551.SZ,创元科技,SZSE,环保,环保设备Ⅱ,0.691464955,17.69,294964961.72,3.2580012547,56.29,124186546.85,0.691464955,,,,,,,,,,,,,,,,,,
601158.SH,重庆水务,SSE,环保,环境治理,5.8208887616,3.45,808792738.08,0.5548672984,10.63,269499056.2,0.5548672984,,,,,,,,,,,,,,,,,,
000598.SZ,兴蓉环境,SZSE,环保,环境治理,0.2095807314,0.45,2005011770.27,3.1527139527,3.86,527457317.25,0.2095807314,,,,,,,,,,,,,,,,,,
600769.SH,祥龙电业,SSE,环保,环境治理,7.7036565087,48.48,19025284.58,0.1707185854,4.7,4750455.06,0.1707185854,,,,,,,,,,,,,,,,,,
603985.SH,恒润股份,SSE,电力设备,风电设备,129.4338919843,160.3676342962,83482071.39,71.5994575314,117.9,65139986.82,71.5994575314,,,,,,,,,,,,,,,,,,
002487.SZ,大金重工,SZSE,电力设备,风电设备,63.3365342055,132.82,1103297424.75,67.1721298953,88.19,434638000.75,63.3365342055,,,,,,,,,,,,,,,,,,
603032.SH,德新科技,SSE,电力设备,电池,53.2923783593,128.1711377225,42557173.91,52.2394882874,2436.4501199281,25108410.98,52.2394882874,,,,,,,,,,,,,,,,,,
002169.SZ,智光电气,SZSE,电力设备,电网设备,47.2472334344,141.51,135517982.48,58.2806389942,161.55,22795567.75,47.2472334344,,,,,,,,,,,,,,,,,,
002759.SZ,天际股份,SZSE,电力设备,电池,43.2824574349,106.08,82181347.87,91.1455743171,1001.93,197252648.79,43.2824574349,,,,,,,,,,,,,,,,,,
002812.SZ,恩捷股份,SZSE,电力设备,电池,34.13212148,125.62,142548339.91,43.2109167268,901.7,260308751.63,34.13212148,,,,,,,,,,,,,,,,,,
002709.SZ,天赐材料,SZSE,电力设备,电池,33.0044502105,181.43,1361917896.52,91.2907826689,1005.75,1654404644.44,33.0044502105,,,,,,,,,,,,,,,,,,
603092.SH,德力佳,SSE,电力设备,风电设备,45.8867274799,55.0,827372269.97,31.7359795996,48.91,212505443.62,31.7359795996,,,,,,,,,,,,,,,,,,
002202.SZ,金风科技,SZSE,电力设备,风电设备,28.7911040363,49.12,2774356663.48,63.4791029197,59.65,907191653.85,28.7911040363,,,,,,,,,,,,,,,,,,
603530.SH,神马电力,SSE,电力设备,电网设备,27.943375192,38.92,431677328.93,33.5456585599,44.07,98274588.02,27.943375192,,,,,,,,,,,,,,,,,,
002518.SZ,科士达,SZSE,电力设备,其他电源设备Ⅱ,26.7200536128,54.97,610887824.39,31.4663261381,24.84,138642938.29,24.84,,,,,,,,,,,,,,,,,,
002028.SZ,思源电气,SZSE,电力设备,电网设备,39.3384391725,53.74,3150142665.04,41.5955923075,23.17,549952870.75,23.17,,,,,,,,,,,,,,,,,,
002245.SZ,蔚蓝锂芯,SZSE,电力设备,电池,20.0877127465,45.66,710609286.03,24.5968777276,38.14,195790114.46,20.0877127465,,,,,,,,,,,,,,,,,,
603606.SH,东方电缆,SSE,电力设备,电网设备,19.2571553723,26.11,1271408899.19,34.2783145222,32.26,371542032.26,19.2571553723,,,,,,,,,,,,,,,,,,
002850.SZ,科达利,SZSE,电力设备,电池,26.4620831741,19.87,1764029997.16,37.085588572,19.06,461135354.48,19.06,,,,,,,,,,,,,,,,,,
002196.SZ,方正电机,SZSE,电力设备,电机Ⅱ,17.8201030374,174.12,21009749.85,53.5363994924,177.33,11628184.5,17.8201030374,,,,,,,,,,,,,,,,,,
603659.SH,璞泰来,SSE,电力设备,电池,16.8262199193,98.14,2359053946.35,35.3248569443,44.37,704046766.54,16.8262199193,,,,,,,,,,,,,,,,,,
601218.SH,吉鑫科技,SSE,电力设备,风电设备,15.6056767019,343.81,135148459.51,39.9571726305,55.22,65208979.31,15.6056767019,,,,,,,,,,,,,,,,,,
601126.SH,四方股份,SSE,电力设备,电网设备,17.8735031925,15.84,828970422.18,18.0520403825,12.08,270665536.47,12.08,,,,,,,,,,,,,,,,,,
600884.SH,杉杉股份,SSE,电力设备,电池,15.5638562802,224.7265945851,457916266.13,11.9853321946,898.85,331047198.48,11.9853321946,,,,,,,,,,,,,,,,,,
600550.SH,保变电气,SSE,电力设备,电网设备,20.4181765836,104.54,197016575.98,10.5641664905,110.39,59563649.0,10.5641664905,,,,,,,,,,,,,,,,,,
001283.SZ,豪鹏科技,SZSE,电力设备,电池,14.8395547788,122.54,203074851.02,10.4631390926,25.94,40066448.35,10.4631390926,,,,,,,,,,,,,,,,,,
002560.SZ,通达股份,SZSE,电力设备,电网设备,28.9966216535,533.17,161411902.52,9.0414232249,81.05,28907573.59,9.0414232249,,,,,,,,,,,,,,,,,,
601727.SH,上海电气,SSE,电力设备,其他电源设备Ⅱ,9.0,60.3,1206219000.0,9.32,30.15,380437000.0,9.0,,,,,,,,,,,,,,,,,,
000682.SZ,东方电子,SZSE,电力设备,电网设备,11.0364477929,33.35,911992429.9,8.0511349918,95.06,235825663.52,8.0511349918,,,,,,,,,,,,,,,,,,
002364.SZ,中恒电气,SZSE,电力设备,其他电源设备Ⅱ,8.935245794,15.27,126374581.15,7.7898839114,22.89,24935658.45,7.7898839114,,,,,,,,,,,,,,,,,,
600885.SH,宏发股份,SSE,电力设备,电网设备,21.9817955652,7.76,1757527714.75,28.2438209328,17.8,484287357.82,7.76,,,,,,,,,,,,,,,,,,
600869.SH,远东股份,SSE,电力设备,电网设备,7.7182316893,118.51,58875746.16,9.2553401895,110.36,96628350.39,7.7182316893,,,,,,,,,,,,,,,,,,
605117.SH,德业股份,SSE,电力设备,光伏设备,9.0775784689,7.11,3170769705.42,73.7675519223,68.37,1187894272.36,7.11,,,,,,,,,,,,,,,,,,
600577.SH,精达股份,SSE,电力设备,电网设备,10.5323414473,6.66,599143119.39,27.3021804372,9.07,136628256.36,6.66,,,,,,,,,,,,,,,,,,
600406.SH,国电南瑞,SSE,电力设备,电网设备,14.5251791858,8.79,8278971723.32,7.5224656273,6.04,721291973.43,6.04,,,,,,,,,,,,,,,,,,
600875.SH,东方电气,SSE,电力设备,其他电源设备Ⅱ,12.8,31.11,3831301222.13,5.57,37.41,1585458964.3,5.57,,,,,,,,,,,,,,,,,,
002335.SZ,科华数据,SZSE,电力设备,其他电源设备Ⅱ,5.1961417962,32.62,417988029.54,17.5725706896,13.15,78008800.49,5.1961417962,,,,,,,,,,,,,,,,,,
601179.SH,中国西电,SSE,电力设备,电网设备,6.8780462681,20.45,1269679596.14,4.9933412678,17.54,346600770.07,4.9933412678,,,,,,,,,,,,,,,,,,
603819.SH,神力股份,SSE,电力设备,电机Ⅱ,16.7239845311,151.3011080044,19716169.45,4.4110390503,1404.12,6890415.02,4.4110390503,,,,,,,,,,,,,,,,,,
002576.SZ,通达动力,SZSE,电力设备,电机Ⅱ,5.0938220933,23.88,82379104.78,2.6106249497,15.38,21917213.44,2.6106249497,,,,,,,,,,,,,,,,,,
600478.SH,科力远,SSE,电力设备,电池,45.8939444674,79.64,140375916.63,2.5011308308,4.88,38750689.05,2.5011308308,,,,,,,,,,,,,,,,,,
002340.SZ,格林美,SZSE,电力设备,电池,11.8186011614,54.87,1580330605.21,5.1150727435,2.18,522448740.64,2.18,,,,,,,,,,,,,,,,,,
003022.SZ,联泓新科,SZSE,电力设备,光伏设备,1.1107030174,30.4,305710828.53,45.9316816477,102.67,144721128.36,1.1107030174,,,,,,,,,,,,,,,,,,
002606.SZ,大连电瓷,SZSE,电力设备,电网设备,18.9175571859,0.35,211860603.31,88.0119671389,194.21,59504934.36,0.35,,,,,,,,,,,,,,,,,,
001309.SZ,德明利,SZSE,电子,半导体,126.0659116724,96.35,688329031.23,502.0833547633,4943.39,3346185437.62,96.35,2026-05-11,Underweight,当前¥639.21价位风险收益比严重失衡，执行减仓至原仓位的40%-50%。核心逻辑：经营现金流-2.41亿与净利润33.46亿的剪刀差揭示利润高度依赖存货重估；主力5/7-5/8两日净流出24.72亿 vs 5/11仅回补3.45亿，确认为高位派发后的维护性买入；融资余额87.33亿创新高构成系统性杠杆风险。短期在¥640以上反弹均为减仓窗口，等待回调至¥580-600区间或放量有效突破¥650且主力单日净流入超5亿后再考虑回补。,580.0,1-3个月（等待回调至主力成本区或突破确认） ---,,,,,,,,,,,,analyses/德明利_001309_2026-05-11.md,
603061.SH,金海通,SSE,电子,半导体,71.6827737486,124.93,176525276.68,120.7678149266,221.54,82502378.84,71.6827737486,2026-05-11,Overweight,维持Overweight评级，方向坚定看多但节奏必须审慎。采用三阶段建仓策略：首仓30%在股价回踩5日均线（268-272元）且RSI回落至65以下时介入；第二仓20%在股价连续两日站稳5日均线后追加；最终10%在10日均线（约260元）确认支撑后完成建仓。硬止损设在246元（布林带中轨/2.5倍ATR），总仓位上限控制在组合净值6%。时间周期3-6个月，目标价330元。,330.0,3-6个月 ---,,,,,,Buy,"金海通（603061.SH）当前正处于一次罕见的""**基本面爆发式增长 + 资金面机构吸筹 + 技术面完美多头排列**""六维度共振窗口期，但**价格已大幅延伸至历史高位**（高出200 SMA达107%）和**流动性结构性脆弱**（非两融、非沪深股通）两个因素要求精细化的执行而非满仓追高。 建议**不在5/11涨停板（284.99元）追高**，等待5/12-5/15高开后日内回落收阴+超大单维持净流入时建立 **35% 核心仓位**（目标价位 275-282元，对应组合权重约 1.75%，最终目标 5%），保留 **65% 弹药**对应三个加仓触发器: - **加仓 A（健康回调）**: 回踩10 EMA(259-265) + 超大单连续2日净流入 → 加仓25% - **加仓 B（突破确认）**: 突破295站稳2日 + 量能≥1.5倍20日均量 → 加仓25% - **加仓 C（基本面催化）**: Q2业绩预告超预期(营收>+80%) → 加仓15% 风控采用**双层止损 + 业绩验证 + 可转债节点预案**: - **软止损 255元**（4/29洗盘低点 + 5日均线下方）→ 减仓40% - **硬止损 246元**（布林带中轨 + 2.5倍ATR）→ 清仓 - **Q2业绩验证**（约2026年7月中下旬）: 营收 < +60% 或扣非 < +100% → 无条件减仓50% - **可转债节点预案**: 发行公告日股价冲高+5% → 减仓10-15% - **盈利保护**: 站稳330元后止损上移至285元 **短期目标 320-340，中期目标 360-400，长期目标 420-450**。时间窗口 3-6 个月。",320-340（短期 4-8 周）/ 360-400（中期 3-6 月）/ 420-450（长期 6-12 月，条件性目标）,3-6 个月 ---,,,analyses/金海通_603061_2026-05-11.md,analyses/金海通_603061_2026-05-11_Opus.md
601138.SH,工业富联,SSE,电子,消费电子,48.2243761399,51.99,35285561000.0,56.5177808658,102.55,10594857000.0,48.2243761399,2026-05-12,Hold,,,,Buy,62.0,52.0,50-60% of normal position (first of three tranches) FINAL TRANSACTION PROPOSAL: **BUY** ---,Overweight,,,,,,,analyses/工业富联_601138_2026-05-12.md,
001389.SZ,广合科技,SZSE,电子,元件,46.8921612631,50.24,1015789038.65,71.3517482485,63.31,392553470.97,46.8921612631,,,,,,,,,,,,,,,,,,
001314.SZ,亿道信息,SZSE,电子,消费电子,44.151087181,91.76,65359104.44,106.8937824251,2822.25,42911333.55,44.151087181,,,,,,,,,,,,,,,,,,
002463.SZ,沪电股份,SZSE,电子,元件,42.0017369822,47.74,3822306272.0,53.9061409765,62.9,1242081367.0,42.0017369822,,,,,,,,,,,,,,,,,,
600601.SH,方正科技,SSE,电子,元件,41.8652673639,83.46,472197764.55,64.3077274966,195.16,231633236.09,41.8652673639,,,,,,,,,,,,,,,,,,
603629.SH,利通电子,SSE,电子,消费电子,47.1551406323,1088.59,292589095.99,41.6127791455,821.08,271272956.39,41.6127791455,,,,,,,,,,,,,,,,,,
600183.SH,生益科技,SSE,电子,元件,39.448096836,91.75,3333954377.92,45.0885351399,105.47,1158139324.56,39.448096836,,,,,,,,,,,,,,,,,,
603893.SH,瑞芯微,SSE,电子,半导体,40.3562059335,74.82,1039952125.0,36.2152026238,57.15,329194658.46,36.2152026238,2026-05-11,Hold,,,,,,,,,Hold,,,,,,analyses/瑞芯微_603893_2026-05-11.md,analyses/瑞芯微_603893_2026-05-11_Opus.md
002916.SZ,深南电路,SZSE,电子,元件,32.0510924765,74.47,3275738151.27,37.8994473036,73.01,850230796.58,32.0510924765,,,,,,,,,,,,,,,,,,
002222.SZ,福晶科技,SZSE,电子,光学光电子,32.2094134386,27.32,278574464.52,35.6254565007,30.7,65240350.38,27.32,,,,,,,,,,,,,,,,,,
603986.SH,兆易创新,SSE,电子,半导体,25.1154303148,49.47,1648022651.7,119.3786758368,522.79,1461248353.08,25.1154303148,2026-05-08,Buy,,,,,,,,,Buy,,,,,,analyses/兆易创新_603986_2026-05-08.md,analyses/兆易创新_603986_2026-05-08_Opus.md
002475.SZ,立讯精密,SZSE,电子,消费电子,23.6424664022,24.2,16599769785.64,35.7689406201,20.24,3659643487.3,20.24,,,,,,,,,,,,,,,,,,
001287.SZ,中电港,SZSE,电子,其他电子Ⅱ,34.7167596379,19.9,284206886.1,144.3582670252,87.38,158442987.42,19.9,,,,,,,,,,,,,,,,,,
002156.SZ,通富微电,SZSE,电子,半导体,16.915660145,79.86,1218708143.38,22.8027090806,224.55,329057400.55,16.915660145,2026-05-11,Hold,,,,,,,,,Hold,,,,,,analyses/通富微电_002156_2026-05-11.md,analyses/通富微电_002156_2026-05-11_Opus.md
603296.SH,华勤技术,SSE,电子,消费电子,56.0248153938,38.55,4054292460.55,16.4239334987,25.96,1060584628.61,16.4239334987,,,,,,,,,,,,,,,,,,
600460.SH,士兰微,SSE,电子,半导体,16.3151776795,81.27,398550840.03,17.3122896237,40.57,208836698.04,16.3151776795,2026-05-08,Buy,,,,,,,,,,,,,,,analyses/士兰微_600460_2026-05-08.md,
001298.SZ,好上好,SZSE,电子,其他电子Ⅱ,15.7166597592,152.79,76199701.21,77.9889470554,235.36,59037294.75,15.7166597592,,,,,,,,,,,,,,,,,,
002925.SZ,盈趣科技,SZSE,电子,消费电子,15.6135972657,129.43,577065477.01,32.3660418135,21.68,93256485.14,15.6135972657,,,,,,,,,,,,,,,,,,
002185.SZ,华天科技,SZSE,电子,半导体,19.0317456711,15.3,710508576.43,34.4870092585,568.39,86786407.33,15.3,2026-05-11,Overweight,执行 Risk Judge 的方案，以 **24% 满仓比上限** 进行分批入场（首批 10%、次批 7%、突破弹药 3%、应急 4%）。所有入场单位需在 5月11日 收盘价 ¥14.74 之下挂出，**严禁 14.74 以上一次性追入**。**硬止损 ¥13.10**（50 SMA 日线收盘），软止损 ¥13.50。止盈分层 ¥15.00 / ¥15.50 / ¥16.00 三档，剩余 15% 趋势跟踪。**本仓位为 5–15 个交易日战术性头寸**，最长不超过 21 个自然日。,¥15.50（主目标）/ ¥16.00（拉伸目标）,5–15 个交易日（最长 21 个自然日，超过即强制平仓重估） FINAL TRANSACTION PROPOSAL: **BUY**（执行 24% 满仓比上限的分批入场方案）,,,,,,,,,,,,analyses/华天科技_002185_2026-05-11.md,
002436.SZ,兴森科技,SZSE,电子,元件,23.6758440953,168.05,134946022.66,15.1027233553,100.0,18744694.13,15.1027233553,,,,,,,,,,,,,,,,,,
002741.SZ,光华科技,SZSE,电子,电子化学品Ⅱ,14.4962088674,150.7,103905719.18,64.8949781245,63.19,41145073.06,14.4962088674,,,,,,,,,,,,,,,,,,
603459.SH,红板科技,SSE,电子,元件,36.060899057,152.3669800503,539848508.04,22.8799882358,14.36,123795397.04,14.36,,,,,,,,,,,,,,,,,,
000062.SZ,深圳华强,SZSE,电子,其他电子Ⅱ,13.4609057191,117.38,462938895.43,47.2777277916,90.28,200888573.83,13.4609057191,,,,,,,,,,,,,,,,,,
603186.SH,华正新材,SSE,电子,元件,13.0528972112,384.0115670111,276713420.07,19.83693281,68.04,30920963.67,13.0528972112,,,,,,,,,,,,,,,,,,
002049.SZ,紫光国微,SZSE,电子,半导体,11.5177038313,21.86,1437124791.04,46.1070992082,180.27,334300512.64,11.5177038313,2026-05-11,Underweight,今日+5.92%的暴涨和+5.38亿主力净流入创造了难得的减持窗口。建议现有持仓者利用今日极端放量和高位换手，减持30-40%仓位，将风险敞口降至正常权重的50-60%。不鼓励在¥81.94新开仓。若股价回撤至¥73-76区间且满足三个重置条件（主力未连续两日净流出超2亿、RSI回落至55以下、重组公告包含具体对价条款），可恢复至标准权重。核心逻辑：短期超买耗竭风险压倒中期复苏叙事，但保留核心仓位以捕捉重组催化和行业顺风。,76.0,1-3个月 ---,,,,,,,,,,,,analyses/紫光国微_002049_2026-05-11.md,
603890.SH,春秋电子,SSE,电子,消费电子,11.3354571931,34.82,284896087.0,27.6722649132,50.69,60724383.99,11.3354571931,,,,,,,,,,,,,,,,,,
002636.SZ,金安国纪,SZSE,电子,元件,10.6673841476,711.54,300749326.58,31.3594859224,763.91,201840306.34,10.6673841476,,,,,,,,,,,,,,,,,,
002273.SZ,水晶光电,SZSE,电子,光学光电子,10.3665517028,13.84,1172419600.48,16.0764049034,11.69,246676113.11,10.3665517028,,,,,,,,,,,,,,,,,,
002947.SZ,恒铭达,SZSE,电子,消费电子,14.9425405345,16.43,531919355.42,10.039463069,39.91,151385826.35,10.039463069,,,,,,,,,,,,,,,,,,
002384.SZ,东山精密,SZSE,电子,元件,9.1227912456,27.67,1386066705.56,52.7234327423,143.47,1109892942.38,9.1227912456,,,,,,,,,,,,,,,,,,
002859.SZ,洁美科技,SZSE,电子,其他电子Ⅱ,15.596727133,8.73,219820959.15,22.5246095075,41.59,47752907.14,8.73,,,,,,,,,,,,,,,,,,
000100.SZ,TCL科技,SZSE,电子,光学光电子,11.6681291577,188.78,4516782000.0,8.3708388875,53.71,1556452595.0,8.3708388875,,,,,,,,,,,,,,,,,,
603078.SH,江化微,SSE,电子,电子化学品Ⅱ,12.2452110476,6.27,104812422.09,16.8752418252,7.31,28776494.41,6.27,,,,,,,,,,,,,,,,,,
000021.SZ,深科技,SZSE,电子,消费电子,6.2063549596,22.07,1135679007.05,10.6738667504,35.35,242178267.01,6.2063549596,,,,,,,,,,,,,,,,,,
002885.SZ,京泉华,SZSE,电子,其他电子Ⅱ,11.1418742923,120.34,84211945.44,6.1070945979,69.22,30778887.7,6.1070945979,,,,,,,,,,,,,,,,,,
002077.SZ,大港股份,SZSE,电子,半导体,5.5988996272,124.88,53139479.52,60.2073235728,145.63,38402975.87,5.5988996272,2026-05-11,Buy,,,,,,,,,Buy,,,,,,analyses/大港股份_002077_2026-05-11.md,analyses/大港股份_002077_2026-05-11_Opus.md
002587.SZ,奥拓电子,SZSE,电子,光学光电子,4.575467664,128.33,10915308.33,35.6223106455,11.85,15215303.28,4.575467664,2026-05-12,Underweight,"当前价位7.29元正处于交易计划明确的7.20-7.30减仓区间，立即执行减持1/3仓位。这是在技术面超买、主力资金连续4日净流出-6,658万元（散户接盘+7,669万元）、以及盈利质量恶化三重信号共振下的最优风险对冲决策。保留2/3仓位捕捉潜在上行空间，同时在7.00元设置硬止损，跌破则进一步减仓至50%以下。关键观察窗口为Q2 2026经营现金流是否转正及毛利率是否企稳。",6.65,1-3个月（观察Q2现金流及资金面变化） ---,Sell,,7.0,Reduce existing position by 1/3 (from full position to ~60-65%) FINAL TRANSACTION PROPOSAL: **SELL** ---,Underweight,,,,,,,analyses/奥拓电子_002587_2026-05-12.md,
002841.SZ,视源股份,SZSE,电子,消费电子,8.7169612464,4.38,1013445450.94,23.9492955525,52.45,246899860.73,4.38,,,,,,,,,,,,,,,,,,
600206.SH,有研新材,SSE,电子,半导体,4.3336023306,79.29,264789582.15,60.7188360148,31.0,88271055.42,4.3336023306,2026-05-08,Hold,,,,,,,,,,,,,,,analyses/有研新材_600206_2026-05-08.md,
600353.SH,旭光电子,SSE,电子,其他电子Ⅱ,3.0555066963,57.67,161570162.59,8.7686594612,10.72,33371669.98,3.0555066963,,,,,,,,,,,,,,,,,,
002484.SZ,江海股份,SZSE,电子,元件,14.0632087251,3.04,674594231.19,19.5221744507,6.57,162007645.71,3.04,,,,,,,,,,,,,,,,,,
600130.SH,波导股份,SSE,电子,消费电子,30.4498989177,2.73,5250696.66,27.7718922779,23.07,2556833.63,2.73,,,,,,,,,,,,,,,,,,
003026.SZ,中晶科技,SZSE,电子,半导体,1.5026344387,89.16,43075871.58,18.495224701,95.93,13849193.99,1.5026344387,2026-05-11,Hold,,,,,,,,,,,,,,,analyses/中晶科技_003026_2026-05-11.md,
600563.SH,法拉电子,SSE,电子,元件,11.6352419687,14.72,1192180340.23,6.7216575348,1.3,267736525.03,1.3,,,,,,,,,,,,,,,,,,
002137.SZ,实益达,SZSE,电子,光学光电子,14.1348067986,284.17,43109342.81,26.1791289573,0.84,13378530.61,0.84,,,,,,,,,,,,,,,,,,
000725.SZ,京东方A,SZSE,电子,光学光电子,3.1301533768,10.03,5856966754.0,0.7951342048,5.78,1707220076.0,0.7951342048,,,,,,,,,,,,,,,,,,
002643.SZ,万润股份,SZSE,电子,电子化学品Ⅱ,0.6327336037,15.51,284480463.89,17.8860460257,9.96,87826554.87,0.6327336037,,,,,,,,,,,,,,,,,,
002402.SZ,和而泰,SZSE,电子,消费电子,11.004078733,82.12,663431525.52,8.8801107792,0.34,169975401.94,0.34,,,,,,,,,,,,,,,,,,
603005.SH,晶方科技,SSE,电子,半导体,30.43740468,46.23,369617694.92,14.8624064297,0.12,65436587.85,0.12,2026-05-11,Buy,,,,,,,,,,,,,,,analyses/晶方科技_603005_2026-05-11.md,
002377.SZ,国创高新,SZSE,石油石化,炼化及贸易,156.70711737,140.29,19751585.72,232.4641930437,72.32,6828586.31,72.32,,,,,,,,,,,,,,,,,,
001316.SZ,润贝航科,SZSE,石油石化,炼化及贸易,33.8071603605,107.72,183879018.41,25.2079426419,78.03,60606513.82,25.2079426419,,,,,,,,,,,,,,,,,,
002721.SZ,金一文化,SZSE,纺织服饰,饰品,135.387751199,97.96,28782336.17,54.5838237729,261.62,33833792.58,54.5838237729,,,,,,,,,,,,,,,,,,
605599.SH,菜百股份,SSE,纺织服饰,饰品,42.4407401825,57.59,1133066364.04,73.585864052,24.62,398363016.12,24.62,,,,,,,,,,,,,,,,,,
002780.SZ,三夫户外,SZSE,纺织服饰,服装家纺,19.413078891,348.21,53351191.65,35.990512316,141.94,30662926.26,19.413078891,,,,,,,,,,,,,,,,,,
002345.SZ,潮宏基,SZSE,纺织服饰,饰品,42.9585162134,156.66,497011978.91,10.9329375399,39.52,263560162.18,10.9329375399,,,,,,,,,,,,,,,,,,
002293.SZ,罗莱生活,SZSE,纺织服饰,服装家纺,6.1279538209,20.1,519860382.54,5.8708927573,30.54,147554403.16,5.8708927573,,,,,,,,,,,,,,,,,,
603365.SH,水星家纺,SSE,纺织服饰,服装家纺,7.9923011797,10.96,406830419.68,5.7431467357,17.09,105122510.49,5.7431467357,,,,,,,,,,,,,,,,,,
003016.SZ,欣贺股份,SZSE,纺织服饰,服装家纺,5.3500485693,126.63,17944072.36,7.1460068833,191.5,18048912.48,5.3500485693,,,,,,,,,,,,,,,,,,
001390.SZ,古麒绒材,SZSE,纺织服饰,纺织制造,8.9765768432,6.01,178300133.98,18.6856957972,4.9,39972971.26,4.9,,,,,,,,,,,,,,,,,,
603889.SH,新澳股份,SSE,纺织服饰,纺织制造,4.3675902252,12.1,480116363.25,16.5329972804,18.62,120058390.99,4.3675902252,,,,,,,,,,,,,,,,,,
002404.SZ,嘉欣丝绸,SZSE,纺织服饰,服装家纺,4.0661404974,12.04,180085890.34,7.906085535,10.95,54908304.66,4.0661404974,,,,,,,,,,,,,,,,,,
600630.SH,龙头股份,SSE,纺织服饰,服装家纺,3.3264223686,17.66,47053198.78,6.5805727595,36.33,24746897.3,3.3264223686,,,,,,,,,,,,,,,,,,
603238.SH,诺邦股份,SSE,纺织服饰,纺织制造,28.4967604907,23.2,117316090.21,16.2090554169,2.0,31038278.67,2.0,,,,,,,,,,,,,,,,,,
603558.SH,健盛集团,SSE,纺织服饰,纺织制造,0.5857018652,24.62,404921600.55,2.788291267,51.92,91337592.53,0.5857018652,,,,,,,,,,,,,,,,,,
600398.SH,海澜之家,SSE,纺织服饰,服装家纺,3.1929671822,0.34,2165990940.78,7.6638134057,1.51,949298988.95,0.34,,,,,,,,,,,,,,,,,,
600770.SH,综艺股份,SSE,综合,综合Ⅱ,35.6616903909,261.12,109116696.35,29.1568567291,332.7979468553,15112100.51,29.1568567291,,,,,,,,,,,,,,,,,,
000833.SZ,粤桂股份,SZSE,综合,综合Ⅱ,9.3825654048,72.3,479955507.86,43.1743453828,84.56,215678713.32,9.3825654048,,,,,,,,,,,,,,,,,,
000421.SZ,南京公用,SZSE,综合,综合Ⅱ,6.269510286,4.7,48080325.78,24.4019144066,119.93,72387247.57,4.7,,,,,,,,,,,,,,,,,,
603059.SH,倍加洁,SSE,美容护理,个护用品,18.2037309987,248.4732792999,114793754.13,29.3856483301,57.94,19600740.31,18.2037309987,,,,,,,,,,,,,,,,,,
001328.SZ,登康口腔,SZSE,美容护理,个护用品,9.9840827373,12.35,181077979.98,15.0944812921,20.01,51789334.29,9.9840827373,,,,,,,,,,,,,,,,,,
002511.SZ,中顺洁柔,SZSE,美容护理,个护用品,7.7205240997,312.8,318606854.67,6.2917608187,53.76,102659662.71,6.2917608187,,,,,,,,,,,,,,,,,,
603193.SH,润本股份,SSE,美容护理,个护用品,17.191557255,4.78,314501633.08,11.2737843644,19.09,52635434.58,4.78,,,,,,,,,,,,,,,,,,
600315.SH,上海家化,SSE,美容护理,化妆品,11.249734839,132.1189956805,267580951.22,5.379021832,2.3,222134304.08,2.3,,,,,,,,,,,,,,,,,,
605118.SH,力鼎光电,SSE,计算机,计算机设备,33.8523790706,48.31,260037224.78,44.6734195468,23.86,70441851.81,23.86,2026-05-11,Underweight,在未来3-5个交易日内，利用股价反弹至47.50–48.00区间（前10日均线附近支撑转阻力区域）分批执行减仓，将605118.SH仓位降至当前持仓的50-60%（组合占比约2.5-4%）。剩余核心仓位设置43.50硬止损（对应50日均线），若收盘跌破则全仓离场。重新进场条件：超大单连续两个交易日净流入超500万，且价格收复10日均线——两条信号缺一不可。,43.5,执行窗口3-5个交易日；核心仓位持有至硬止损触发或重新进场信号出现，以先到者为准 ---,,,,,,,,,,,,analyses/力鼎光电_605118_2026-05-11.md,
002376.SZ,新北洋,SZSE,计算机,计算机设备,17.343404525,55.18,75320400.0,28.0211226409,90.73,9391464.29,17.343404525,2026-05-11,Hold,,,,,,,,,,,,,,,analyses/新北洋_002376_2026-05-11.md,
603019.SH,中科曙光,SSE,计算机,计算机设备,13.8120072272,13.87,2176292865.25,23.7100491767,22.19,227843919.03,13.8120072272,2026-05-11,Hold,,,,,,,,,,,,,,,analyses/中科曙光_603019_2026-05-11.md,
002609.SZ,捷顺科技,SZSE,计算机,IT服务Ⅱ,10.4404462183,102.55,63574142.4,19.346174427,16.92,1848019.52,10.4404462183,,,,,,,,,,,,,,,,,,
601360.SH,三六零,SSE,计算机,软件开发,9.3723038526,124.0458256042,263013000.0,7.8956856921,139.9998535689,109266000.0,7.8956856921,,,,,,,,,,,,,,,,,,
000938.SZ,紫光股份,SZSE,计算机,IT服务Ⅱ,22.4289371547,7.19,1685521754.82,34.6087720553,126.06,787908617.19,7.19,2026-05-12,Underweight,立即将000938.SZ仓位削减30%-50%，降至低配水平。当前主力资金10日累计净流出高达-421亿元，融资余额4日骤降6.5%，叠加毛利率腰斩至12.88%与经营现金流转负，短期风险收益比显著不利。保留核心仓位以捕捉AI基础设施长期需求与新华三战略价值，但须设置29.50元止损线，并等待三大再入场信号（主力资金连续3日净流入、融资余额企稳于390亿上方、毛利率环比改善）满足至少两项后方可考虑加仓。,27.0,1-3个月（等待资金面与基本面信号改善） ---,Sell,,,Exit full position FINAL TRANSACTION PROPOSAL: **SELL** ---,Underweight,,,,,,,analyses/紫光股份_000938_2026-05-12.md,
603171.SH,税友股份,SSE,计算机,IT服务Ⅱ,5.5731824385,21.02,136242024.18,8.6695153091,26.39,31276196.49,5.5731824385,,,,,,,,,,,,,,,,,,
600455.SH,博通股份,SSE,计算机,软件开发,4.4803188783,36.43,44409183.73,3.9585444278,7.43,17021636.7,3.9585444278,,,,,,,,,,,,,,,,,,
002236.SZ,大华股份,SZSE,计算机,计算机设备,1.749021811,32.77,3857923611.86,10.3293393481,6.81,697780082.97,1.749021811,2026-05-12,Hold,维持现有仓位不动，不加仓也不减仓。核心等待两个信号之一：①主力资金连续3日净流入累计超1亿元，或②融资余额回落至20亿元以下伴随价格企稳，届时可考虑加仓。设置18.89元（200日均线）作为转乐观的观察锚点、16.35元（3月低点）作为转悲观的止损锚点。当前区间震荡格局下，任何主动操作都是在押注方向，而非管理风险。,18.89,1-3个月 ---,Hold,,,,Hold,,,,,,,analyses/大华股份_002236_2026-05-12.md,
001339.SZ,智微智能,SZSE,计算机,计算机设备,1.304267659,36.84,170944823.1,52.9589405159,159.13,109137611.76,1.304267659,2026-05-11,Hold,,,,,,,,,,,,,,,analyses/智微智能_001339_2026-05-11.md,
002063.SZ,远光软件,SZSE,计算机,软件开发,8.0756570898,2.44,300061092.91,0.3943343656,15.27,10821686.78,0.3943343656,,,,,,,,,,,,,,,,,,
603508.SH,思维列控,SSE,计算机,计算机设备,0.2949051436,1.42,556146869.81,18.6632137812,26.66,160623935.35,0.2949051436,2026-05-11,Underweight,建议现有持仓者在26.50–27.00区间减持30%–50%仓位，锁定4/29涨停以来的浮盈。剩余仓位保留以捕捉中长期基本面改善潜力，但需将止损收紧至25.10元（20 SMA下方）。空仓者暂不介入，等待主力资金连续2日净流入或股价充分回调至50 SMA（25.56元）附近后再重新评估。,,1-3个月（等待Q2财报或资金面改善信号后重新评估） ---,,,,,,,,,,,,analyses/思维列控_603508_2026-05-11.md,
002415.SZ,海康威视,SZSE,计算机,计算机设备,0.0132665355,18.52,14195371894.42,11.7828451381,36.42,2781171173.25,0.0132665355,2026-05-11,Hold,,,,,,,,,,,,,,,analyses/海康威视_002415_2026-05-11.md,
603615.SH,茶花股份,SSE,轻工制造,家居用品,126.5963689028,117.0800528405,6405829.56,290.3240545096,439.5226006412,5014680.16,117.0800528405,,,,,,,,,,,,,,,,,,
002846.SZ,英联股份,SZSE,轻工制造,包装印刷,12.0373174954,188.96,35292494.25,19.378707237,13.41,12524228.07,12.0373174954,,,,,,,,,,,,,,,,,,
605099.SH,共创草坪,SSE,轻工制造,家居用品,11.4886512876,30.6,667674213.96,15.2378229243,28.68,200738139.1,11.4886512876,,,,,,,,,,,,,,,,,,
001221.SZ,悍高集团,SZSE,轻工制造,家居用品,25.8291416805,32.39,703507797.2,12.538318645,11.19,128528625.83,11.19,,,,,,,,,,,,,,,,,,
601968.SH,宝钢包装,SSE,轻工制造,包装印刷,5.5431573566,8.89,187703886.93,21.9403791903,14.01,65390560.74,5.5431573566,,,,,,,,,,,,,,,,,,
001238.SZ,浙江正特,SZSE,轻工制造,文娱用品,35.6211685014,359.05,36218379.32,24.7127460472,4.91,42537167.97,4.91,,,,,,,,,,,,,,,,,,
600356.SH,恒丰纸业,SSE,轻工制造,造纸,1.7650885196,70.72,197723106.35,2.1332720739,103.0,56900117.75,1.7650885196,,,,,,,,,,,,,,,,,,
603733.SH,仙鹤股份,SSE,轻工制造,造纸,20.1420081453,0.88,1012618607.21,5.8800813463,6.2,250865291.56,0.88,,,,,,,,,,,,,,,,,,
002831.SZ,裕同科技,SZSE,轻工制造,包装印刷,0.4726531674,13.05,1592353960.25,2.550315514,1.95,245783456.8,0.4726531674,,,,,,,,,,,,,,,,,,
603083.SH,剑桥科技,SSE,通信,通信设备,32.0738925036,58.08,263485209.59,43.9813087364,276.44,118328991.17,32.0738925036,2026-05-11,Hold,,,,,,,,,,,,,,,analyses/剑桥科技_603083_2026-05-11.md,
002281.SZ,光迅科技,SZSE,通信,通信设备,44.2003123791,43.1,946320781.21,24.7949049751,59.76,239931671.46,24.7949049751,2026-05-08,Underweight,立即执行减仓，将002281.SZ仓位降至原仓位的30%-40%，利用明日（5月9日）开盘惯性冲高时分批减持。设置硬止损线160元（约-11.5%，相当于2倍ATR），若收盘价跌破则无条件清仓剩余头寸。严禁在当前价位新建仓位。后续等待RSI回落至50以下、融资余额单日减少超2亿、或股价回调至50日均线（约120-130元）区间时，再评估试探性建仓。,125.0,1-3个月 ---,,,,,,Underweight,经过对 002281.SZ 光迅科技 5 份独立分析报告（技术面、社交舆情、新闻公告、基本面、A 股资金面）、多空双方深度辩论、Research Manager 综合判决、Trader 投资计划、3 位风险分析师辩论以及 Risk Judge 最终裁决的完整流程审议，**作出 Underweight 评级，立即执行多阶段减仓至原仓位的 20–25%**。 具体执行计划： 1. **5/9 开盘后第一阶段**：利用涨停板的惯性冲高分批减仓至 60% 仓位 2. **5/9 收盘前第二阶段**：进一步减至 40% 仓位 3. **5/12 第三阶段**：视盘面节奏减至最终目标 25% 仓位（区间 20–25%） 4. **硬止损 155 元**：收盘价跌破即无条件清仓剩余仓位 5. **KPI 动态触发**：5 项关键指标（超大单流向、北向资金、融资余额、RSI、成交额）任一突破升级阈值即加速减至 10% 6. **严禁新建仓位**：当前价位 180.72 元为风险报酬比严重不对称区域 7. **重新介入条件**：股价回调至 120–135 元 + RSI < 50 + 至少 3 条确认条件（Q2 财报、主力净买、北向转买、融资回落、行业催化） **目标价**：1–3 个月内 125 元（中性预期），下行预期 100 元，反弹上限 155 元。,125.0 元 下行预期：100 元（深度回调情景） 中性预期：125 元（标准回调情景） 反弹预期：155 元（弱回调情景）,"1–3 个月 --- #### 最后陈述 光迅科技（002281.SZ）作为国内光器件龙头，长期产业地位扎实，AI 光互联+6G+商业航天的多重产业 beta 真实存在。但**长期价值不等于任何价位都值得持有**。 在 180.72 元这个价位上，市场已经把 2026 年最乐观的业绩 + 2027 年的预期 + 6G 商用化的远期叙事全部贴现到当下。**TTM PE 137x、五重资金面筑顶信号、四重技术面极值共振、存货堆积的财务隐忧**——这四重组合在 A 股 10 年历史上几乎从未以""继续温和上涨""收场。 **理性的资金管理不是在""长期看多""和""短期看空""之间二选一，而是承认两者的时间错配，并通过仓位调整匹配各自的窗口期**。20–25% 的核心仓位足够分享潜在的尾部冲刺，155 元的硬止损足够保护本金，125 元的目标价为重新介入提供清晰锚点。 **当多方的产业逻辑（2027–2028 年）与空方的战术警告（1–3 个月）发生时间错配时，专业投资者的本能反应是先避险后等待——而不是在叙事中迷失，承受可能的 30–40% 回撤。** 市场上从不缺机会，缺的是经得起检验的入场点。光迅的下一个黄金入场点，不在 180 元，而在 120–135 元区间的下一轮整理后。 **FINAL TRANSACTION PROPOSAL: SELL** --- **报告完成时间**: 2026-05-11 **报告类型**: Opus 版（完整 9 部分深度分析） **适用对象**: 中长期价值投资者 + 短期风险管理需求方 **免责声明**: 本报告基于公开信息和模型分析，仅供参考，不构成具体投资建议。投资有风险，决策需谨慎。",,,analyses/光迅科技_002281_2026-05-08.md,analyses/光迅科技_002281_2026-05-08_Opus.md
601869.SH,长飞光纤,SSE,通信,通信设备,16.8453230122,20.4,813737266.0,27.7014158526,226.4,495131710.0,16.8453230122,2026-05-11,Hold,,,,,,,,,,,,,,,analyses/长飞光纤_601869_2026-05-11.md,
603118.SH,共进股份,SSE,通信,通信设备,9.8142920632,197.2938133621,77782782.41,6.2565252539,9.65,24449905.91,6.2565252539,2026-05-11,Hold,,,,,,,,,,,,,,,analyses/共进股份_603118_2026-05-11.md,
003031.SZ,中瓷电子,SZSE,通信,通信设备,8.6680950997,4.36,562674690.41,79.0482462492,57.32,193303413.2,4.36,2026-05-11,Overweight,采用分阶段建仓策略：立即部署目标仓位的30%（组合权重0.5%）以建立初步敞口，剩余70%分为两批——第一批40%在回调至5日/10日均线（~140-145区间）时加仓，第二批30%在更深回撤至20日均线（~130-135）或4月29日缺口回补位（~127-128）时加仓。硬止损设在123.50（4月29日低点），跌破则全部离场。目标组合权重1.5-2.0%，时间周期6-12个月，密切跟踪Q2业绩预告、静电卡盘量产订单及每日融资余额变化。,,6-12个月 ---,,,,,,Buy,"中瓷电子（003031.SZ）当前正处于一次罕见的""**AI 算力 × 半导体国产替代双窄口 + 主力资金真金白银吸筹 + 业绩加速期 + 财务无风险**""四重共振窗口期。建议以当前价 150–154 元区间**挂限价单立即建立 20% 核心仓位**（对应组合权重约 0.3–0.4%，最终目标权重 1.5–2.0%），保留 **80% 弹药**对应三个加仓触发器： - **触发器 A（浅回调）**：回调至 138–145 元（5 日 EMA + 5/8 启动平台）→ 加仓 30% - **触发器 B（深回调）**：回调至 128–135 元（10 EMA 131.90 / VWMA 127.32 / 4/29 缺口 127.50）+ RSI < 60 + 融资余额回落 → 加仓 30% - **触发器 C（突破追涨）**：突破 165 元站稳 3 日 + 量能 ≥ 1.3× 20 日均量 → 加仓 20% **预期平均成本**：≈ **146.40 元** 风控采用**三层止损 + 多维度业绩验证**： - **软止损 131.90**（10 EMA）→ 减仓 30% - **硬止损 119.77**（布林中轨 + 4/29 缺口下沿 + 主力资金连续 3 日净流出）→ 减仓 50% - **终极止损 96.28**（50 SMA + 1 ATR 缓冲）→ 清仓 - **杠杆触发**：融资余额突破 10.5 亿元 + 股价 3 日内未创新高 → 主动减仓 1/3 - **Q2 业绩验证**（约 2026 年 8 月）：毛利率仍 < 32% 或扣非 < +40% → 无条件减仓 50% - **流动性触发**：单日跌幅 > 6% 且成交量 > 20 日均量 1.5 倍 → 减仓 50% - **股东户数触发**：1 个月激增 > 20% → 减仓 30% - **盈利保护**：股价站稳 175 元 3 日后止损上移至 145；站稳 200 元后上移至 165；站稳 230 元后上移至 195 **短期目标 170–180 元（4–8 周），中期目标 195–220 元（3–6 月），超额情景 240–280 元**。",170–180 元 （短期 4–8 周）/ **195–220 元**（中期 3–6 月）/ **240–280 元**（基本面持续超预期 + ESC 规模化 + AI 持续加速 + 海外业务恢复）,3–6 个月 ---,,,analyses/中瓷电子_003031_2026-05-11.md,analyses/中瓷电子_003031_2026-05-11_Opus.md
600522.SH,中天科技,SSE,通信,通信设备,9.2369184722,2.25,2902294275.49,34.7112176697,46.42,918953763.69,2.25,2026-05-11,Hold,,,,,,,,,,,,,,,analyses/中天科技_600522_2026-05-11.md,
600345.SH,长江通信,SSE,通信,通信设备,10.5979492276,28.41,219171549.55,0.6966556,230.1825021461,17942840.42,0.6966556,2026-05-11,Buy,,,,,,,,,,,,,,,analyses/长江通信_600345_2026-05-11.md,
600382.SH,广东明珠,SSE,钢铁,冶钢原料,125.6951594851,3243.47,184140716.93,16.9943300918,8.97,58716568.44,8.97,,,,,,,,,,,,,,,,,,
000778.SZ,新兴铸管,SZSE,钢铁,普钢,2.2882748257,465.67,947163232.55,17.9258451646,43.94,197231864.73,2.2882748257,,,,,,,,,,,,,,,,,,
000783.SZ,长江证券,SZSE,非银金融,证券Ⅱ,59.86,101.44,3696410771.03,34.65,51.73,1486264121.61,34.65,,,,,,,,,,,,,,,,,,
000776.SZ,广发证券,SZSE,非银金融,证券Ⅱ,34.33,42.18,13701548267.44,64.33,70.73,4707447205.41,34.33,,,,,,,,,,,,,,,,,,
601375.SH,中原证券,SSE,非银金融,证券Ⅱ,40.9743751169,85.41,455818683.4,34.0436259069,63.8,168651261.5,34.0436259069,,,,,,,,,,,,,,,,,,
601995.SH,中金公司,SSE,非银金融,证券Ⅱ,33.504393679,71.93,9790532489.0,54.261391239,75.19,3577445645.0,33.504393679,,,,,,,,,,,,,,,,,,
600030.SH,中信证券,SSE,非银金融,证券Ⅱ,28.7949963164,38.58,30076100951.5,40.9138156047,54.6,10216128310.91,28.7949963164,,,,,,,,,,,,,,,,,,
600369.SH,西南证券,SSE,非银金融,证券Ⅱ,25.3476261312,51.9,1062373676.82,28.9051896716,26.39,310343485.67,25.3476261312,,,,,,,,,,,,,,,,,,
601878.SH,浙商证券,SSE,非银金融,证券Ⅱ,35.9543021612,24.87,2412423938.67,40.8160277875,35.2,751157315.22,24.87,,,,,,,,,,,,,,,,,,
002961.SZ,瑞达期货,SZSE,非银金融,多元金融,23.2,42.95,546952255.31,108.42,151.19,203605452.75,23.2,,,,,,,,,,,,,,,,,,
601066.SH,中信建投,SSE,非银金融,证券Ⅱ,22.4063053247,30.68,9439423821.46,62.2649815553,99.03,3667406478.67,22.4063053247,,,,,,,,,,,,,,,,,,
600999.SH,招商证券,SSE,非银金融,证券Ⅱ,19.5311681892,18.91,12349522678.95,47.9584732677,41.73,3270564508.47,18.91,,,,,,,,,,,,,,,,,,
600109.SH,国金证券,SSE,非银金融,证券Ⅱ,26.9009614167,36.32,2276891494.01,28.8273507248,18.83,692334389.42,18.83,,,,,,,,,,,,,,,,,,
601456.SH,国联民生,SSE,非银金融,证券Ⅱ,185.9862729067,405.49,2008916574.4,18.8052642935,32.07,496755400.36,18.8052642935,,,,,,,,,,,,,,,,,,
000686.SZ,东北证券,SZSE,非银金融,证券Ⅱ,17.78,66.13,1451396794.06,34.8,102.84,410337583.28,17.78,,,,,,,,,,,,,,,,,,
600918.SH,中泰证券,SSE,非银金融,证券Ⅱ,17.5750867096,53.07,1434724436.51,25.136663686,26.8,468989645.57,17.5750867096,,,,,,,,,,,,,,,,,,
601696.SH,中银证券,SSE,非银金融,证券Ⅱ,17.3884420714,15.32,1045285044.73,22.574533714,28.94,361558617.84,15.32,,,,,,,,,,,,,,,,,,
600927.SH,永安期货,SSE,非银金融,多元金融,17.333083752,15.1,651800708.05,138.831045568,506.59,193986465.11,15.1,,,,,,,,,,,,,,,,,,
601901.SH,方正证券,SSE,非银金融,证券Ⅱ,36.0844564443,79.85,3970059037.13,14.6952388961,24.35,1486028590.88,14.6952388961,,,,,,,,,,,,,,,,,,
601377.SH,兴业证券,SSE,非银金融,证券Ⅱ,21.0259428901,32.64,2870360059.54,13.4373518741,52.17,785676458.1,13.4373518741,,,,,,,,,,,,,,,,,,
601788.SH,光大证券,SSE,非银金融,证券Ⅱ,13.0594163751,21.77,3724190527.91,23.1006893922,42.34,1166176164.68,13.0594163751,,,,,,,,,,,,,,,,,,
601059.SH,信达证券,SSE,非银金融,证券Ⅱ,22.8562824554,38.74,1893704022.18,13.0064516892,120.87,452339231.37,13.0064516892,,,,,,,,,,,,,,,,,,
000166.SZ,申万宏源,SZSE,非银金融,证券Ⅱ,30.2927896378,82.46,9507226300.42,11.7176685637,19.15,2356063780.03,11.7176685637,,,,,,,,,,,,,,,,,,
601108.SH,财通证券,SSE,非银金融,证券Ⅱ,10.1264771175,12.5,2632256997.26,54.4078991902,113.03,617079837.34,10.1264771175,,,,,,,,,,,,,,,,,,
601881.SH,中国银河,SSE,非银金融,证券Ⅱ,24.3421116408,24.81,12519718792.04,15.6621946994,10.09,3320207445.86,10.09,,,,,,,,,,,,,,,,,,
600906.SH,财达证券,SSE,非银金融,证券Ⅱ,10.7408962572,8.82,747083879.1,51.0612116655,114.53,253387767.04,8.82,,,,,,,,,,,,,,,,,,
002926.SZ,华西证券,SZSE,非银金融,证券Ⅱ,17.75,101.98,1470328175.6,7.41,30.76,393609223.3,7.41,,,,,,,,,,,,,,,,,,
000750.SZ,国海证券,SZSE,非银金融,证券Ⅱ,7.2225972831,79.57,769223948.65,30.1811684563,28.28,256833248.74,7.2225972831,,,,,,,,,,,,,,,,,,
601688.SH,华泰证券,SSE,非银金融,证券Ⅱ,6.8341654074,6.72,16383497118.1,41.4811446142,31.79,4800496779.97,6.72,,,,,,,,,,,,,,,,,,
600901.SH,江苏金租,SSE,非银金融,多元金融,15.7463004344,10.12,3240544113.38,16.4593071813,6.49,821834701.53,6.49,,,,,,,,,,,,,,,,,,
600958.SH,东方证券,SSE,非银金融,证券Ⅱ,26.1754834684,68.16,5633559541.41,5.2886954227,10.55,1587119915.99,5.2886954227,,,,,,,,,,,,,,,,,,
601136.SH,首创证券,SSE,非银金融,证券Ⅱ,4.5841934344,7.26,1056402621.34,30.7988087082,30.19,196654622.15,4.5841934344,,,,,,,,,,,,,,,,,,
600061.SH,国投资本,SSE,非银金融,证券Ⅱ,3.79,21.71,3279299080.12,31.81,12.63,765593627.35,3.79,,,,,,,,,,,,,,,,,,
603093.SH,南华期货,SSE,非银金融,多元金融,2.4541843991,6.18,486263116.66,60.6553235036,138.82,204762958.01,2.4541843991,,,,,,,,,,,,,,,,,,
002500.SZ,山西证券,SZSE,非银金融,证券Ⅱ,11.8,29.86,924416247.0,3.95,2.2,255046997.0,2.2,,,,,,,,,,,,,,,,,,
600830.SH,香溢融通,SSE,非银金融,多元金融,15.28,51.03,80305654.59,0.67,8.38,25267294.34,0.67,,,,,,,,,,,,,,,,,,
600318.SH,新力金融,SSE,非银金融,多元金融,12.2994645806,14.49,35677677.48,0.6345556171,16.37,20281733.19,0.6345556171,,,,,,,,,,,,,,,,,,
002939.SZ,长城证券,SZSE,非银金融,证券Ⅱ,29.24,48.86,2351600065.53,0.02,2.56,620775021.78,0.02,,,,,,,,,,,,,,,,,,
600186.SH,莲花控股,SSE,食品饮料,调味发酵品Ⅱ,30.4521969089,52.59,309119428.92,28.012075148,42.06,143481980.23,28.012075148,,,,,,,,,,,,,,,,,,
605499.SH,东鹏饮料,SSE,食品饮料,饮料乳品,31.7978938363,32.72,4415263147.79,21.4554820991,28.31,1257422750.29,21.4554820991,,,,,,,,,,,,,,,,,,
002956.SZ,西麦食品,SZSE,食品饮料,休闲食品,18.1118361399,28.93,171713736.58,25.6454425147,85.86,101346845.59,18.1118361399,,,,,,,,,,,,,,,,,,
603697.SH,有友食品,SSE,食品饮料,休闲食品,34.3904753581,17.94,185556740.99,39.6157093346,30.71,65774624.08,17.94,,,,,,,,,,,,,,,,,,
603170.SH,宝立食品,SSE,食品饮料,调味发酵品Ⅱ,10.6562563446,12.59,262600695.96,16.0029481103,12.58,65577542.24,10.6562563446,,,,,,,,,,,,,,,,,,
600298.SH,安琪酵母,SSE,食品饮料,调味发酵品Ⅱ,10.0805311753,16.6,1544409068.94,19.4915050373,15.08,425925053.0,10.0805311753,,,,,,,,,,,,,,,,,,
603288.SH,海天味业,SSE,食品饮料,调味发酵品Ⅱ,7.3179985574,10.95,7038465194.15,8.5657831927,10.97,2443715832.21,7.3179985574,,,,,,,,,,,,,,,,,,
002946.SZ,新乳业,SZSE,食品饮料,饮料乳品,5.3259418836,35.98,731146914.29,8.3055621518,39.89,186392105.7,5.3259418836,,,,,,,,,,,,,,,,,,
600189.SH,泉阳泉,SSE,食品饮料,饮料乳品,5.0145380341,145.53,15078775.12,10.0194731807,96.55,10042501.33,5.0145380341,,,,,,,,,,,,,,,,,,
000729.SZ,燕京啤酒,SZSE,食品饮料,非白酒,4.5405473278,59.06,1679117088.59,7.06269331,60.19,264750304.54,4.5405473278,,,,,,,,,,,,,,,,,,
601579.SH,会稽山,SSE,食品饮料,非白酒,11.6806166306,24.7,244641388.55,3.9429122036,27.96,119952373.55,3.9429122036,,,,,,,,,,,,,,,,,,
001219.SZ,青岛食品,SZSE,食品饮料,休闲食品,3.6669154992,13.74,110870965.8,12.8923377422,5.95,31513284.01,3.6669154992,,,,,,,,,,,,,,,,,,
600305.SH,恒顺醋业,SSE,食品饮料,调味发酵品Ⅱ,4.1290269686,12.8,143638286.54,3.5958392373,17.93,66653249.39,3.5958392373,,,,,,,,,,,,,,,,,,
603755.SH,日辰股份,SSE,食品饮料,调味发酵品Ⅱ,15.7045332656,31.87,84210400.43,23.7297729305,3.02,18195930.41,3.02,,,,,,,,,,,,,,,,,,
002847.SZ,盐津铺子,SZSE,食品饮料,休闲食品,8.640677522,16.95,748413603.64,2.9384521083,29.48,230742880.99,2.9384521083,,,,,,,,,,,,,,,,,,
002461.SZ,珠江啤酒,SZSE,食品饮料,非白酒,2.5567011921,11.54,903802727.8,5.8580575504,14.07,179123408.58,2.5567011921,,,,,,,,,,,,,,,,,,
600887.SH,伊利股份,SSE,食品饮料,饮料乳品,0.1308962762,36.82,11565166497.81,5.4718973008,10.68,5394651297.16,0.1308962762,,,,,,,,,,,,,,,,,,
